{
  "sample_results": {
    "sensitivity": 0.2577836878695434,
    "sensitivity_std": 0.2959569170209294,
    "precision": 0.17265948108966256,
    "precision_std": 0.28375970522931254,
    "f1": 0.16343677974501333,
    "f1_std": 0.23557046795951725,
    "fpRate": 2167.9788407024066,
    "fpRate_std": 6798.027602633184
  },
  "event_results": {
    "sensitivity": 0.4631590436318309,
    "sensitivity_std": 0.4455332242611739,
    "precision": 0.16150854594105205,
    "precision_std": 0.26510755182530304,
    "f1": 0.19828011375764235,
    "f1_std": 0.27491747379378884,
    "fpRate": 23.573972854471947,
    "fpRate_std": 51.272372174178095
  }
}