{
  "sample_results": {
    "sensitivity": 0.2577836878695434,
    "sensitivity_std": 0.2959569170209294,
    "precision": 0.17266105675052348,
    "precision_std": 0.28375926323792466,
    "f1": 0.16343876607009572,
    "f1_std": 0.2355703274179705,
    "fpRate": 2169.1146099196494,
    "fpRate_std": 6800.475914760236
  },
  "event_results": {
    "sensitivity": 0.46315904363183086,
    "sensitivity_std": 0.4455332242611739,
    "precision": 0.16153210615710026,
    "precision_std": 0.26509969723715643,
    "f1": 0.19831969622774379,
    "f1_std": 0.2749081266223353,
    "fpRate": 23.566246814389615,
    "fpRate_std": 51.27174079343032
  }
}