{
  "sample_results": {
    "sensitivity": 0.2577836878695434,
    "sensitivity_std": 0.2959569170209294,
    "precision": 0.17265948108966256,
    "precision_std": 0.28375970522931254,
    "f1": 0.15337913176070486,
    "f1_std": 0.23156229709568094,
    "fpRate": 2167.9788407024066,
    "fpRate_std": 6798.027602633183
  },
  "event_results": {
    "sensitivity": 0.46315904363183086,
    "sensitivity_std": 0.445533224261174,
    "precision": 0.1642167559587394,
    "precision_std": 0.2695305808501144,
    "f1": 0.18753320860791198,
    "f1_std": 0.2723254055552599,
    "fpRate": 22.72982178277728,
    "fpRate_std": 49.43856900734476
  }
}