{
  "sample_results": {
    "sensitivity": 0.3173478652674913,
    "sensitivity_std": 0.30660270547839885,
    "precision": 0.08765958522746427,
    "precision_std": 0.1627457201904772,
    "f1": 0.10711950043659511,
    "f1_std": 0.16984795642471154,
    "fpRate": 3495.17833962451,
    "fpRate_std": 10791.83785779979
  },
  "event_results": {
    "sensitivity": 0.5125721500721501,
    "sensitivity_std": 0.4185622321935272,
    "precision": 0.0706807594601641,
    "precision_std": 0.10472742423031382,
    "f1": 0.11039581110962857,
    "f1_std": 0.15070549560459903,
    "fpRate": 28.905874625719598,
    "fpRate_std": 62.366476758401134
  }
}