{
  "sample_results": {
    "sensitivity": 0.31734786526749137,
    "sensitivity_std": 0.30660270547839885,
    "precision": 0.08765958522746425,
    "precision_std": 0.1627457201904772,
    "f1": 0.10711950043659511,
    "f1_std": 0.16984795642471154,
    "fpRate": 3495.178339624509,
    "fpRate_std": 10791.83785779979
  },
  "event_results": {
    "sensitivity": 0.5125721500721501,
    "sensitivity_std": 0.4185622321935271,
    "precision": 0.07060441494092667,
    "precision_std": 0.10474230055599922,
    "f1": 0.11025735537809196,
    "f1_std": 0.1507197481366883,
    "fpRate": 29.072432285080758,
    "fpRate_std": 62.924222711857475
  }
}