{
  "sample_results": {
    "sensitivity": 0.4227864147380843,
    "sensitivity_std": 0.3023582538756769,
    "precision": 0.4666331949801351,
    "precision_std": 0.40976370169372345,
    "f1": 0.3974998609655386,
    "f1_std": 0.32144286720413917,
    "fpRate": 1211.6764821096401,
    "fpRate_std": 2686.123117487523
  },
  "event_results": {
    "sensitivity": 0.6738095238095239,
    "sensitivity_std": 0.39120866259206843,
    "precision": 0.47334588488434637,
    "precision_std": 0.39350084655703577,
    "f1": 0.5085758327693811,
    "f1_std": 0.3612279205041935,
    "fpRate": 15.58188581947894,
    "fpRate_std": 21.62360612114254
  }
}