{
  "sample_results": {
    "sensitivity": 0.4227864147380843,
    "sensitivity_std": 0.3023582538756769,
    "precision": 0.4666331949801351,
    "precision_std": 0.40976370169372345,
    "f1": 0.3691070137537144,
    "f1_std": 0.3262286343350909,
    "fpRate": 1211.6764821096401,
    "fpRate_std": 2686.123117487523
  },
  "event_results": {
    "sensitivity": 0.6738095238095239,
    "sensitivity_std": 0.39120866259206843,
    "precision": 0.4836022951407567,
    "precision_std": 0.40008848790658336,
    "f1": 0.4785981939207745,
    "f1_std": 0.3781620086140365,
    "fpRate": 15.300816977131234,
    "fpRate_std": 21.747241665372183
  }
}