{
  "sample_results": {
    "sensitivity": 0.4333167959956136,
    "sensitivity_std": 0.3724189503580199,
    "precision": 0.32569762758474047,
    "precision_std": 0.3802490595599776,
    "f1": 0.3967701257043995,
    "f1_std": 0.300212775779719,
    "fpRate": 6338.503613117085,
    "fpRate_std": 14718.206958569677
  },
  "event_results": {
    "sensitivity": 0.5999428843965187,
    "sensitivity_std": 0.42516042022404543,
    "precision": 0.39184006575275704,
    "precision_std": 0.40307972678680876,
    "f1": 0.5750776500592419,
    "f1_std": 0.32304306069502386,
    "fpRate": 50.53282239091682,
    "fpRate_std": 92.06118699065406
  }
}