{
  "sample_results": {
    "sensitivity": 0.4333167959956136,
    "sensitivity_std": 0.3724189503580199,
    "precision": 0.3256976275847404,
    "precision_std": 0.3802490595599776,
    "f1": 0.23022464084082442,
    "f1_std": 0.3010634491633071,
    "fpRate": 6338.503613117084,
    "fpRate_std": 14718.206958569677
  },
  "event_results": {
    "sensitivity": 0.5999428843965187,
    "sensitivity_std": 0.42516042022404543,
    "precision": 0.4217253792603905,
    "precision_std": 0.422950742948929,
    "f1": 0.3516581020913686,
    "f1_std": 0.39328657685305435,
    "fpRate": 43.708397640792455,
    "fpRate_std": 85.11522369467187
  }
}