{
  "sample_results": {
    "sensitivity": 0.04765396239838311,
    "sensitivity_std": 0.09781406593697822,
    "precision": 0.21258097670177387,
    "precision_std": 0.34135071840406295,
    "f1": 0.05837096435828875,
    "f1_std": 0.12481231431596188,
    "fpRate": 90.74850282764262,
    "fpRate_std": 254.22034138941953
  },
  "event_results": {
    "sensitivity": 0.1596233382170142,
    "sensitivity_std": 0.3119824006173121,
    "precision": 0.19791537627637942,
    "precision_std": 0.33623032783077267,
    "f1": 0.11114657569770321,
    "f1_std": 0.2374650545758605,
    "fpRate": 3.7881905941894547,
    "fpRate_std": 10.101237045942087
  }
}