{
  "sample_results": {
    "sensitivity": 0.04765396239838312,
    "sensitivity_std": 0.09781406593697821,
    "precision": 0.21258097670177387,
    "precision_std": 0.34135071840406295,
    "f1": 0.0972849405971479,
    "f1_std": 0.14892205726950322,
    "fpRate": 90.74850282764264,
    "fpRate_std": 254.22034138941956
  },
  "event_results": {
    "sensitivity": 0.1596233382170142,
    "sensitivity_std": 0.31198240061731214,
    "precision": 0.1973124437533984,
    "precision_std": 0.3349763334059152,
    "f1": 0.18514342725346095,
    "f1_std": 0.2832078878821525,
    "fpRate": 3.811608260582557,
    "fpRate_std": 10.153122714959258
  }
}