{
  "sample_results": {
    "sensitivity": 0.049453586774541244,
    "sensitivity_std": 0.11969848677306773,
    "precision": 0.16588252125535027,
    "precision_std": 0.3148617310947322,
    "f1": 0.04970329190550878,
    "f1_std": 0.11211931074997245,
    "fpRate": 221.16321560958602,
    "fpRate_std": 501.4425353855648
  },
  "event_results": {
    "sensitivity": 0.12956349206349205,
    "sensitivity_std": 0.2800238698073426,
    "precision": 0.15465092564845334,
    "precision_std": 0.29827249829598473,
    "f1": 0.09619416180073215,
    "f1_std": 0.22430670268033362,
    "fpRate": 5.962641562275296,
    "fpRate_std": 13.91322388592193
  }
}