{
  "sample_results": {
    "sensitivity": 0.04945358677454125,
    "sensitivity_std": 0.11969848677306774,
    "precision": 0.16588252125535027,
    "precision_std": 0.3148617310947322,
    "f1": 0.0695846086677123,
    "f1_std": 0.12734049683259321,
    "fpRate": 221.16321560958602,
    "fpRate_std": 501.4425353855648
  },
  "event_results": {
    "sensitivity": 0.12956349206349205,
    "sensitivity_std": 0.2800238698073426,
    "precision": 0.15464440504334123,
    "precision_std": 0.2982755733025656,
    "f1": 0.1346604344043697,
    "f1_std": 0.2554594112554196,
    "fpRate": 5.975175486559949,
    "fpRate_std": 13.941252203819168
  }
}