{
  "sample_results": {
    "sensitivity": 0.13598990025099006,
    "sensitivity_std": 0.19381718418345567,
    "precision": 0.5561285317366037,
    "precision_std": 0.375855457356288,
    "f1": 0.28683523926201626,
    "f1_std": 0.20844563501315871,
    "fpRate": 51.92005503628801,
    "fpRate_std": 71.18540046070918
  },
  "event_results": {
    "sensitivity": 0.2869047619047619,
    "sensitivity_std": 0.364940665509345,
    "precision": 0.4901785714285714,
    "precision_std": 0.41009172536675953,
    "f1": 0.36156655844155844,
    "f1_std": 0.2860228344981199,
    "fpRate": 3.5348703279220715,
    "fpRate_std": 4.854310062801106
  }
}