{
  "sample_results": {
    "sensitivity": 0.1359899002509901,
    "sensitivity_std": 0.19381718418345567,
    "precision": 0.5561285317366037,
    "precision_std": 0.37585545735628795,
    "f1": 0.16390585100686644,
    "f1_std": 0.2120782379197938,
    "fpRate": 51.92005503628801,
    "fpRate_std": 71.18540046070916
  },
  "event_results": {
    "sensitivity": 0.2869047619047619,
    "sensitivity_std": 0.364940665509345,
    "precision": 0.49017857142857146,
    "precision_std": 0.4100917253667595,
    "f1": 0.20660946196660482,
    "f1_std": 0.28064860177085144,
    "fpRate": 3.534870327922072,
    "fpRate_std": 4.854310062801106
  }
}