{
  "sample_results": {
    "sensitivity": 0.3105560068451424,
    "sensitivity_std": 0.3002941730979195,
    "precision": 0.3183185484694118,
    "precision_std": 0.36724909121211413,
    "f1": 0.3449519428392703,
    "f1_std": 0.26292302142269586,
    "fpRate": 3572.1516370697886,
    "fpRate_std": 9438.643679371007
  },
  "event_results": {
    "sensitivity": 0.569689940075659,
    "sensitivity_std": 0.41129354342513874,
    "precision": 0.3423453106549621,
    "precision_std": 0.3767529171300756,
    "f1": 0.5230687261700323,
    "f1_std": 0.3176743289959175,
    "fpRate": 50.49671800208345,
    "fpRate_std": 85.11640856119384
  }
}