{
  "sample_results": {
    "sensitivity": 0.3105560068451424,
    "sensitivity_std": 0.3002941730979195,
    "precision": 0.3183185484694119,
    "precision_std": 0.3672490912121142,
    "f1": 0.20100903335819206,
    "f1_std": 0.26308956719551035,
    "fpRate": 3572.1516370697886,
    "fpRate_std": 9438.643679371007
  },
  "event_results": {
    "sensitivity": 0.569689940075659,
    "sensitivity_std": 0.41129354342513874,
    "precision": 0.3627978722181259,
    "precision_std": 0.39398668167384016,
    "f1": 0.3164121047893656,
    "f1_std": 0.36631501492795493,
    "fpRate": 46.099162426287364,
    "fpRate_std": 80.87270868314013
  }
}