{
  "sample_results": {
    "sensitivity": 0.9996398135302583,
    "sensitivity_std": 0.0023912181820242625,
    "precision": 0.0034259941753004963,
    "precision_std": 0.011811156723350875,
    "f1": 0.006573441787744828,
    "f1_std": 0.021681247595327933,
    "fpRate": 85875.01776092315,
    "fpRate_std": 1034.0167314217697
  },
  "event_results": {
    "sensitivity": 1.0,
    "sensitivity_std": 0.0,
    "precision": 0.012860123850532583,
    "precision_std": 0.050127862557082674,
    "f1": 0.021846239052537974,
    "f1_std": 0.07182445252420971,
    "fpRate": 289.0237416081048,
    "fpRate_std": 17.966233867569414
  }
}