{
  "sample_results": {
    "sensitivity": 0.9952700049350974,
    "sensitivity_std": 0.03499520782428865,
    "precision": 0.003422903743752934,
    "precision_std": 0.011839644639150309,
    "f1": 0.006566089988844644,
    "f1_std": 0.02172937973856994,
    "fpRate": 85780.57472875985,
    "fpRate_std": 1064.8983239645845
  },
  "event_results": {
    "sensitivity": 0.9948717948717948,
    "sensitivity_std": 0.041025641025641026,
    "precision": 0.010404002158299305,
    "precision_std": 0.032508541271234544,
    "f1": 0.018918750971324862,
    "f1_std": 0.05212433567163099,
    "fpRate": 292.94111496094035,
    "fpRate_std": 1.5083614282049018
  }
}