{
  "sample_results": {
    "sensitivity": 1.0,
    "sensitivity_std": 0.0,
    "precision": 0.000840825020188869,
    "precision_std": 0.000755201439900141,
    "f1": 0.001679101230999567,
    "f1_std": 0.0015055321027195748,
    "fpRate": 86292.13873527655,
    "fpRate_std": 69.50532632709583
  },
  "event_results": {
    "sensitivity": 1.0,
    "sensitivity_std": 0.0,
    "precision": 0.003859549178032403,
    "precision_std": 0.0031056915745000246,
    "f1": 0.007670481594993775,
    "f1_std": 0.006121837298256218,
    "fpRate": 287.4231155027387,
    "fpRate_std": 1.2730672377244006
  }
}