{
  "sample_results": {
    "sensitivity": 1.0,
    "sensitivity_std": 0.0,
    "precision": 0.0008408517575111503,
    "precision_std": 0.0007552737637292337,
    "f1": 0.001679154398770269,
    "f1_std": 0.0015056756105127635,
    "fpRate": 86290.98764569112,
    "fpRate_std": 71.47443714535498
  },
  "event_results": {
    "sensitivity": 1.0,
    "sensitivity_std": 0.0,
    "precision": 0.003825048605605374,
    "precision_std": 0.003046080999876156,
    "f1": 0.007602721102040446,
    "f1_std": 0.0060063003939737,
    "fpRate": 289.0428085292556,
    "fpRate_std": 0.38124952332761186
  }
}