{
  "sample_results": {
    "sensitivity": 1.0,
    "sensitivity_std": 0.0,
    "precision": 0.007977211701203857,
    "precision_std": 0.006566386455796275,
    "f1": 0.015744975877059825,
    "f1_std": 0.012769524380937692,
    "fpRate": 85563.00724807603,
    "fpRate_std": 684.5365191895961
  },
  "event_results": {
    "sensitivity": 1.0,
    "sensitivity_std": 0.0,
    "precision": 0.037402841597960104,
    "precision_std": 0.029515028640825128,
    "f1": 0.07063379631825112,
    "f1_std": 0.05188011800608737,
    "fpRate": 274.2392775820233,
    "fpRate_std": 10.59606965928958
  }
}