{
  "sample_results": {
    "sensitivity": 0.5996186903048231,
    "sensitivity_std": 0.3835036471109761,
    "precision": 0.054670505604128325,
    "precision_std": 0.13070433857378702,
    "f1": 0.15939008841105232,
    "f1_std": 0.191201764840382,
    "fpRate": 50043.91858381812,
    "fpRate_std": 30499.815482175487
  },
  "event_results": {
    "sensitivity": 0.5957197631547141,
    "sensitivity_std": 0.381614534308857,
    "precision": 0.10244366493060074,
    "precision_std": 0.17666037135256724,
    "f1": 0.2848204792986339,
    "f1_std": 0.220971457848805,
    "fpRate": 190.28965204762005,
    "fpRate_std": 119.05806643710557
  }
}