{
  "sample_results": {
    "sensitivity": 0.46679932598628504,
    "sensitivity_std": 0.3876112475787248,
    "precision": 0.07613671286182347,
    "precision_std": 0.11431405075108576,
    "f1": 0.11328994525757605,
    "f1_std": 0.14543912467488554,
    "fpRate": 1793.054008465305,
    "fpRate_std": 3204.7006086458478
  },
  "event_results": {
    "sensitivity": 0.6030921469953905,
    "sensitivity_std": 0.4386450477908704,
    "precision": 0.09078571844550472,
    "precision_std": 0.13588668848879426,
    "f1": 0.1392636422942014,
    "f1_std": 0.17711697419835234,
    "fpRate": 19.825789299153893,
    "fpRate_std": 30.01190050068672
  }
}