{
  "sample_results": {
    "sensitivity": 0.46679932598628504,
    "sensitivity_std": 0.38761124757872484,
    "precision": 0.07613671286182348,
    "precision_std": 0.11431405075108576,
    "f1": 0.1115470230228441,
    "f1_std": 0.14498804466620982,
    "fpRate": 1793.0540084653048,
    "fpRate_std": 3204.7006086458478
  },
  "event_results": {
    "sensitivity": 0.6030921469953905,
    "sensitivity_std": 0.4386450477908704,
    "precision": 0.09668317142539604,
    "precision_std": 0.14992554978803674,
    "f1": 0.14305448135443158,
    "f1_std": 0.1870593781895903,
    "fpRate": 18.925845427260597,
    "fpRate_std": 28.3701829443361
  }
}