{
  "sample_results": {
    "sensitivity": 0.46679932598628504,
    "sensitivity_std": 0.3876112475787248,
    "precision": 0.07613671286182348,
    "precision_std": 0.11431405075108575,
    "f1": 0.11328994525757602,
    "f1_std": 0.14543912467488554,
    "fpRate": 1793.0540084653053,
    "fpRate_std": 3204.7006086458478
  },
  "event_results": {
    "sensitivity": 0.6030921469953905,
    "sensitivity_std": 0.43864504779087043,
    "precision": 0.0907857184455047,
    "precision_std": 0.13588668848879426,
    "f1": 0.13926364229420143,
    "f1_std": 0.17711697419835234,
    "fpRate": 19.825789299153893,
    "fpRate_std": 30.01190050068672
  }
}