{
  "sample_results": {
    "sensitivity": 0.5154906585208963,
    "sensitivity_std": 0.3274730916585397,
    "precision": 0.1306250115289031,
    "precision_std": 0.2134343292950913,
    "f1": 0.16841050231596139,
    "f1_std": 0.22872367084019468,
    "fpRate": 2586.640451934121,
    "fpRate_std": 7490.605779627463
  },
  "event_results": {
    "sensitivity": 0.6185064935064934,
    "sensitivity_std": 0.3442384340859614,
    "precision": 0.1719639985027509,
    "precision_std": 0.22444494520257124,
    "f1": 0.22466153405937467,
    "f1_std": 0.24728356727265485,
    "fpRate": 19.408674721843767,
    "fpRate_std": 49.20904905584658
  }
}