{
  "sample_results": {
    "sensitivity": 0.5154906585208963,
    "sensitivity_std": 0.32747309165853966,
    "precision": 0.1306250115289031,
    "precision_std": 0.2134343292950913,
    "f1": 0.16841050231596136,
    "f1_std": 0.2287236708401947,
    "fpRate": 2586.640451934121,
    "fpRate_std": 7490.605779627463
  },
  "event_results": {
    "sensitivity": 0.6185064935064934,
    "sensitivity_std": 0.3442384340859614,
    "precision": 0.16728605757316545,
    "precision_std": 0.2197910827502648,
    "f1": 0.22060753411218142,
    "f1_std": 0.24368411650944008,
    "fpRate": 19.58827956943631,
    "fpRate_std": 49.54904568626509
  }
}