{
  "sample_results": {
    "sensitivity": 0.5317783844080871,
    "sensitivity_std": 0.3074374621787271,
    "precision": 0.45538261752477294,
    "precision_std": 0.31849133755928766,
    "f1": 0.43712916482719016,
    "f1_std": 0.2882230004837205,
    "fpRate": 667.6841646729424,
    "fpRate_std": 698.1305386977838
  },
  "event_results": {
    "sensitivity": 0.5869047619047619,
    "sensitivity_std": 0.3817346878161404,
    "precision": 0.536734693877551,
    "precision_std": 0.3632869620796581,
    "f1": 0.517183610040753,
    "f1_std": 0.35617198663731536,
    "fpRate": 8.505474118628921,
    "fpRate_std": 11.747939408273526
  }
}