{
  "sample_results": {
    "sensitivity": 0.5317783844080872,
    "sensitivity_std": 0.30743746217872714,
    "precision": 0.4553826175247729,
    "precision_std": 0.31849133755928766,
    "f1": 0.43712916482719016,
    "f1_std": 0.28822300048372057,
    "fpRate": 667.6841646729424,
    "fpRate_std": 698.1305386977838
  },
  "event_results": {
    "sensitivity": 0.5869047619047619,
    "sensitivity_std": 0.38173468781614034,
    "precision": 0.578344671201814,
    "precision_std": 0.37954654012797623,
    "f1": 0.5255633255633255,
    "f1_std": 0.3536468910523207,
    "fpRate": 8.208947428486104,
    "fpRate_std": 11.866284279414808
  }
}