{
  "sample_results": {
    "sensitivity": 0.4420885161108807,
    "sensitivity_std": 0.35774576557184395,
    "precision": 0.3324751975532748,
    "precision_std": 0.34863796022713445,
    "f1": 0.44533812015273866,
    "f1_std": 0.2711056398755299,
    "fpRate": 3576.0643763050657,
    "fpRate_std": 8611.452900335833
  },
  "event_results": {
    "sensitivity": 0.5389423359066527,
    "sensitivity_std": 0.40784582955066884,
    "precision": 0.4320870351930143,
    "precision_std": 0.39907062571305896,
    "f1": 0.5920831623378561,
    "f1_std": 0.30102891555533356,
    "fpRate": 28.404426330714735,
    "fpRate_std": 60.77250321613986
  }
}