{
  "sample_results": {
    "sensitivity": 0.44208851611088074,
    "sensitivity_std": 0.35774576557184395,
    "precision": 0.3324751975532747,
    "precision_std": 0.34863796022713445,
    "f1": 0.26236974520626466,
    "f1_std": 0.30216993741518694,
    "fpRate": 3576.0643763050657,
    "fpRate_std": 8611.452900335833
  },
  "event_results": {
    "sensitivity": 0.5389423359066527,
    "sensitivity_std": 0.40784582955066884,
    "precision": 0.486962562385555,
    "precision_std": 0.43573874665622103,
    "f1": 0.3730499762713229,
    "f1_std": 0.3955026160508009,
    "fpRate": 23.153677614480575,
    "fpRate_std": 57.0311595566483
  }
}