{
  "sample_results": {
    "sensitivity": 0.08764928792498639,
    "sensitivity_std": 0.10772763510993372,
    "precision": 0.014563163762721397,
    "precision_std": 0.03960205626920887,
    "f1": 0.01843533564965561,
    "f1_std": 0.03946792027329997,
    "fpRate": 3820.0688410568923,
    "fpRate_std": 6311.7100618734885
  },
  "event_results": {
    "sensitivity": 0.7403960198984938,
    "sensitivity_std": 0.3584600039861333,
    "precision": 0.012071131193548747,
    "precision_std": 0.03727009790273567,
    "f1": 0.021546828809208975,
    "f1_std": 0.05734988000061713,
    "fpRate": 188.2752647816349,
    "fpRate_std": 66.73702517788877
  }
}