{
  "sample_results": {
    "sensitivity": 0.08764928792498639,
    "sensitivity_std": 0.10772763510993373,
    "precision": 0.014563163762721395,
    "precision_std": 0.03960205626920887,
    "f1": 0.01843533564965561,
    "f1_std": 0.03946792027329996,
    "fpRate": 3820.0688410568914,
    "fpRate_std": 6311.710061873488
  },
  "event_results": {
    "sensitivity": 0.7403960198984939,
    "sensitivity_std": 0.3584600039861333,
    "precision": 0.013671186465348099,
    "precision_std": 0.0488808438303112,
    "f1": 0.023347996703502714,
    "f1_std": 0.06962974298846587,
    "fpRate": 186.073271549172,
    "fpRate_std": 65.88013077635735
  }
}