{
  "sample_results": {
    "sensitivity": 0.09737588703971209,
    "sensitivity_std": 0.14060675576351137,
    "precision": 0.004761542169341339,
    "precision_std": 0.010777199504343814,
    "f1": 0.007660101608312371,
    "f1_std": 0.015483839386349273,
    "fpRate": 5081.318685774956,
    "fpRate_std": 8232.660293811921
  },
  "event_results": {
    "sensitivity": 0.7620842781557068,
    "sensitivity_std": 0.3380510459354347,
    "precision": 0.004395123909047837,
    "precision_std": 0.0035419025519989908,
    "f1": 0.008703464776835146,
    "f1_std": 0.006921781490359658,
    "fpRate": 187.2640199595134,
    "fpRate_std": 65.26634564607049
  }
}