{
  "sample_results": {
    "sensitivity": 0.09737588703971206,
    "sensitivity_std": 0.14060675576351137,
    "precision": 0.004761542169341339,
    "precision_std": 0.010777199504343814,
    "f1": 0.007660101608312371,
    "f1_std": 0.01548383938634927,
    "fpRate": 5081.318685774955,
    "fpRate_std": 8232.660293811921
  },
  "event_results": {
    "sensitivity": 0.7620842781557068,
    "sensitivity_std": 0.3380510459354347,
    "precision": 0.0044167993002174125,
    "precision_std": 0.0035765329499639997,
    "f1": 0.008745544641639055,
    "f1_std": 0.006987216403498582,
    "fpRate": 186.66422943632074,
    "fpRate_std": 64.84230903703492
  }
}