{
  "sample_results": {
    "sensitivity": 0.04023548989051478,
    "sensitivity_std": 0.06300971193005332,
    "precision": 0.1251535936676918,
    "precision_std": 0.20959571525736576,
    "f1": 0.040288662781848596,
    "f1_std": 0.06591686796682096,
    "fpRate": 751.8232662930428,
    "fpRate_std": 962.2758437794353
  },
  "event_results": {
    "sensitivity": 0.35000000000000003,
    "sensitivity_std": 0.3490349507218394,
    "precision": 0.07402734309999534,
    "precision_std": 0.10224248655397969,
    "f1": 0.1154435467501634,
    "f1_std": 0.14775764700254612,
    "fpRate": 74.35650773059929,
    "fpRate_std": 58.699912176537474
  }
}