{
  "sample_results": {
    "sensitivity": 0.04023548989051477,
    "sensitivity_std": 0.06300971193005332,
    "precision": 0.1251535936676918,
    "precision_std": 0.20959571525736576,
    "f1": 0.04028866278184858,
    "f1_std": 0.06591686796682096,
    "fpRate": 751.8232662930428,
    "fpRate_std": 962.2758437794353
  },
  "event_results": {
    "sensitivity": 0.35000000000000003,
    "sensitivity_std": 0.3490349507218394,
    "precision": 0.07450901959156886,
    "precision_std": 0.10228488473150929,
    "f1": 0.11621148459383755,
    "f1_std": 0.1479214014085012,
    "fpRate": 73.5465263465105,
    "fpRate_std": 58.2391352093544
  }
}