{
  "sample_results": {
    "sensitivity": 0.2581807909347291,
    "sensitivity_std": 0.2919054949131312,
    "precision": 0.15448990464887866,
    "precision_std": 0.2774312563399983,
    "f1": 0.10147142713894804,
    "f1_std": 0.19422819816472608,
    "fpRate": 5598.158455691805,
    "fpRate_std": 11383.952385759572
  },
  "event_results": {
    "sensitivity": 0.6953292988158791,
    "sensitivity_std": 0.3931321433669664,
    "precision": 0.18487893561260288,
    "precision_std": 0.2933273627198139,
    "f1": 0.2074340743071087,
    "f1_std": 0.3017702434141678,
    "fpRate": 132.6681674631362,
    "fpRate_std": 133.07762120258954
  }
}