{
  "sample_results": {
    "sensitivity": 0.25818079093472907,
    "sensitivity_std": 0.2919054949131312,
    "precision": 0.15448990464887868,
    "precision_std": 0.2774312563399983,
    "f1": 0.20713904111446912,
    "f1_std": 0.23477933735207818,
    "fpRate": 5598.158455691805,
    "fpRate_std": 11383.952385759572
  },
  "event_results": {
    "sensitivity": 0.6953292988158791,
    "sensitivity_std": 0.3931321433669664,
    "precision": 0.1591420070321444,
    "precision_std": 0.2555964201214023,
    "f1": 0.3831045829574283,
    "f1_std": 0.2777125713792397,
    "fpRate": 146.52431589269906,
    "fpRate_std": 139.2384376636332
  }
}