{
  "sample_results": {
    "sensitivity": 0.1239990263146942,
    "sensitivity_std": 0.16236829794172522,
    "precision": 0.48954178236511076,
    "precision_std": 0.42614631704371964,
    "f1": 0.17203202349100213,
    "f1_std": 0.21527370630306164,
    "fpRate": 20.77187517250368,
    "fpRate_std": 53.86851627188741
  },
  "event_results": {
    "sensitivity": 0.36922658793059354,
    "sensitivity_std": 0.4119723724585814,
    "precision": 0.45018080738701444,
    "precision_std": 0.4069735073138635,
    "f1": 0.3229384482073084,
    "f1_std": 0.37385446554905155,
    "fpRate": 1.3115564043191856,
    "fpRate_std": 2.8892090951402003
  }
}