{
  "sample_results": {
    "sensitivity": 0.1239990263146942,
    "sensitivity_std": 0.16236829794172522,
    "precision": 0.48954178236511076,
    "precision_std": 0.4261463170437197,
    "f1": 0.22820574544724773,
    "f1_std": 0.22058090385225887,
    "fpRate": 20.77187517250368,
    "fpRate_std": 53.8685162718874
  },
  "event_results": {
    "sensitivity": 0.3692265879305935,
    "sensitivity_std": 0.4119723724585815,
    "precision": 0.44879002885337876,
    "precision_std": 0.40547928612497175,
    "f1": 0.42828158912407643,
    "f1_std": 0.37449931873067904,
    "fpRate": 1.3413500985045013,
    "fpRate_std": 2.9054403852030886
  }
}