{
  "sample_results": {
    "sensitivity": 0.16153991653744254,
    "sensitivity_std": 0.1915421215110274,
    "precision": 0.6372437319176253,
    "precision_std": 0.40927462755969707,
    "f1": 0.28208141902298584,
    "f1_std": 0.2413828334638231,
    "fpRate": 14.258238504185442,
    "fpRate_std": 61.55424445544465
  },
  "event_results": {
    "sensitivity": 0.3751142376142376,
    "sensitivity_std": 0.3774711932189874,
    "precision": 0.5623376623376625,
    "precision_std": 0.4029445042845289,
    "f1": 0.4546837665594858,
    "f1_std": 0.32650514959782967,
    "fpRate": 0.8908861754376177,
    "fpRate_std": 2.761569067555095
  }
}