{
  "sample_results": {
    "sensitivity": 0.1615399165374425,
    "sensitivity_std": 0.1915421215110274,
    "precision": 0.6372437319176253,
    "precision_std": 0.40927462755969707,
    "f1": 0.2216354006609174,
    "f1_std": 0.2432635373084889,
    "fpRate": 14.258238504185446,
    "fpRate_std": 61.55424445544465
  },
  "event_results": {
    "sensitivity": 0.3751142376142376,
    "sensitivity_std": 0.3774711932189874,
    "precision": 0.5623376623376624,
    "precision_std": 0.4029445042845288,
    "f1": 0.3572515308681674,
    "f1_std": 0.344339030903074,
    "fpRate": 0.8908861754376177,
    "fpRate_std": 2.7615690675550955
  }
}