{
  "sample_results": {
    "sensitivity": 0.26944561352070023,
    "sensitivity_std": 0.2168633800898118,
    "precision": 0.9047795342134443,
    "precision_std": 0.1909653274031928,
    "f1": 0.4371357737086246,
    "f1_std": 0.2346690211244451,
    "fpRate": 11.65404231020362,
    "fpRate_std": 23.789612706384887
  },
  "event_results": {
    "sensitivity": 0.6845238095238094,
    "sensitivity_std": 0.39038362724022324,
    "precision": 0.8833333333333333,
    "precision_std": 0.2612292876779722,
    "f1": 0.8213095238095237,
    "f1_std": 0.2741563796841904,
    "fpRate": 1.1744949801525646,
    "fpRate_std": 3.6344042402145544
  }
}