{
  "sample_results": {
    "sensitivity": 0.26944561352070023,
    "sensitivity_std": 0.2168633800898118,
    "precision": 0.9047795342134443,
    "precision_std": 0.1909653274031928,
    "f1": 0.37468780603596397,
    "f1_std": 0.26570841721270055,
    "fpRate": 11.654042310203618,
    "fpRate_std": 23.789612706384887
  },
  "event_results": {
    "sensitivity": 0.6845238095238095,
    "sensitivity_std": 0.39038362724022324,
    "precision": 0.8867521367521367,
    "precision_std": 0.25328400444796584,
    "f1": 0.7059671694764863,
    "f1_std": 0.3815064705056712,
    "fpRate": 0.9914127139161978,
    "fpRate_std": 2.9854241241311557
  }
}