{
  "sample_results": {
    "sensitivity": 0.2934305231149229,
    "sensitivity_std": 0.2887098186353897,
    "precision": 0.5011504509185796,
    "precision_std": 0.4382598577724655,
    "f1": 0.2597178919642874,
    "f1_std": 0.30432894462500104,
    "fpRate": 640.1899677798733,
    "fpRate_std": 2405.8314987390227
  },
  "event_results": {
    "sensitivity": 0.5731528055969096,
    "sensitivity_std": 0.4089181777572632,
    "precision": 0.5056308104097732,
    "precision_std": 0.43092023000185425,
    "f1": 0.40971575846943525,
    "f1_std": 0.4048457530562533,
    "fpRate": 18.238161604649427,
    "fpRate_std": 46.082250036533544
  }
}