{
  "sample_results": {
    "sensitivity": 0.2934305231149229,
    "sensitivity_std": 0.2887098186353897,
    "precision": 0.5011504509185796,
    "precision_std": 0.4382598577724655,
    "f1": 0.4079735219605682,
    "f1_std": 0.29154775909124236,
    "fpRate": 640.1899677798734,
    "fpRate_std": 2405.8314987390227
  },
  "event_results": {
    "sensitivity": 0.5731528055969096,
    "sensitivity_std": 0.40891817775726313,
    "precision": 0.4966979930097809,
    "precision_std": 0.4260552114323552,
    "f1": 0.6360796735532676,
    "f1_std": 0.3241183468179782,
    "fpRate": 19.254887438728357,
    "fpRate_std": 47.26038812236687
  }
}