{
  "sample_results": {
    "sensitivity": 0.9686834715493182,
    "sensitivity_std": 0.03983136189442348,
    "precision": 0.9131482134801295,
    "precision_std": 0.12861708502860644,
    "f1": 0.9345352155040195,
    "f1_std": 0.08474218235601552,
    "fpRate": 83.59069800426506,
    "fpRate_std": 241.22118289353534
  },
  "event_results": {
    "sensitivity": 0.9951086956521739,
    "sensitivity_std": 0.015956432886851307,
    "precision": 0.7954999594015612,
    "precision_std": 0.27093740780701125,
    "f1": 0.8505677191596028,
    "f1_std": 0.22692884034922423,
    "fpRate": 4.126542911945315,
    "fpRate_std": 8.993002430736489
  }
}