{
  "sample_results": {
    "sensitivity": 0.9686834715493182,
    "sensitivity_std": 0.039831361894423475,
    "precision": 0.9131482134801295,
    "precision_std": 0.12861708502860647,
    "f1": 0.9345352155040195,
    "f1_std": 0.08474218235601555,
    "fpRate": 83.59069800426506,
    "fpRate_std": 241.22118289353534
  },
  "event_results": {
    "sensitivity": 0.9951086956521739,
    "sensitivity_std": 0.015956432886851307,
    "precision": 0.7968377520437017,
    "precision_std": 0.2708803548652169,
    "f1": 0.8514078787899323,
    "f1_std": 0.2270333665894164,
    "fpRate": 4.038465028261132,
    "fpRate_std": 8.923595004229872
  }
}