{
  "sample_results": {
    "sensitivity": 0.005681383582472445,
    "sensitivity_std": 0.02229214931258785,
    "precision": 0.0911165253944757,
    "precision_std": 0.26001003739969875,
    "f1": 0.01029905615825403,
    "f1_std": 0.03979992805338356,
    "fpRate": 6.661242019450674,
    "fpRate_std": 13.371837930779078
  },
  "event_results": {
    "sensitivity": 0.05070889894419306,
    "sensitivity_std": 0.19525797484980079,
    "precision": 0.06763285024154589,
    "precision_std": 0.18854509900373462,
    "f1": 0.04562398841468609,
    "f1_std": 0.16301883953205434,
    "fpRate": 0.8717267560774985,
    "fpRate_std": 1.294111796038036
  }
}