{
  "sample_results": {
    "sensitivity": 0.005681383582472444,
    "sensitivity_std": 0.02229214931258785,
    "precision": 0.0911165253944757,
    "precision_std": 0.26001003739969875,
    "f1": 0.014553014136663305,
    "f1_std": 0.04665191730555999,
    "fpRate": 6.661242019450674,
    "fpRate_std": 13.37183793077908
  },
  "event_results": {
    "sensitivity": 0.05070889894419306,
    "sensitivity_std": 0.19525797484980076,
    "precision": 0.06763285024154589,
    "precision_std": 0.18854509900373462,
    "f1": 0.06446867928162166,
    "f1_std": 0.19062250343329418,
    "fpRate": 0.8717267560774985,
    "fpRate_std": 1.294111796038036
  }
}