{
  "sample_results": {
    "sensitivity": 0.014285714285714285,
    "sensitivity_std": 0.09147320339189785,
    "precision": 0.01884920634920635,
    "precision_std": 0.07771726873684083,
    "f1": 0.010320478001086366,
    "f1_std": 0.06608330283064862,
    "fpRate": 3.82744804159859,
    "fpRate_std": 8.895572684502456
  },
  "event_results": {
    "sensitivity": 0.023809523809523808,
    "sensitivity_std": 0.15245533898649638,
    "precision": 0.0029239766081871343,
    "precision_std": 0.01205586440239082,
    "f1": 0.002380952380952381,
    "f1_std": 0.01524553389864964,
    "fpRate": 0.45529709872464297,
    "fpRate_std": 1.045539523065766
  }
}