{
  "sample_results": {
    "sensitivity": 0.026567501383568348,
    "sensitivity_std": 0.049484305472705284,
    "precision": 0.3474025974025974,
    "precision_std": 0.42717945928711964,
    "f1": 0.07350763615015561,
    "f1_std": 0.09003884903572575,
    "fpRate": 53.88619565230759,
    "fpRate_std": 88.70011932206069
  },
  "event_results": {
    "sensitivity": 0.16785714285714287,
    "sensitivity_std": 0.3462075878393641,
    "precision": 0.29910714285714285,
    "precision_std": 0.4133986423538423,
    "f1": 0.15397727272727274,
    "f1_std": 0.16803490973137028,
    "fpRate": 8.787599540969406,
    "fpRate_std": 15.884320424405962
  }
}