{
  "sample_results": {
    "sensitivity": 0.026567501383568354,
    "sensitivity_std": 0.0494843054727053,
    "precision": 0.3474025974025974,
    "precision_std": 0.42717945928711964,
    "f1": 0.04200436351437464,
    "f1_std": 0.07717410904896745,
    "fpRate": 53.88619565230759,
    "fpRate_std": 88.70011932206069
  },
  "event_results": {
    "sensitivity": 0.16785714285714287,
    "sensitivity_std": 0.3462075878393641,
    "precision": 0.30208333333333337,
    "precision_std": 0.4123474044351977,
    "f1": 0.09053803339517626,
    "f1_std": 0.15116939586011477,
    "fpRate": 8.076359645679725,
    "fpRate_std": 13.652954949714136
  }
}