{
  "sample_results": {
    "sensitivity": 0.002962438748407424,
    "sensitivity_std": 0.02435257510387256,
    "precision": 0.06433222710012254,
    "precision_std": 0.20735712885511726,
    "f1": 0.014072312602928577,
    "f1_std": 0.04903454938554779,
    "fpRate": 36.06847069328027,
    "fpRate_std": 156.4366823992316
  },
  "event_results": {
    "sensitivity": 0.018663709737430624,
    "sensitivity_std": 0.09996432913349736,
    "precision": 0.120321653654987,
    "precision_std": 0.2844794325181693,
    "f1": 0.07008652538838298,
    "f1_std": 0.1555955703313571,
    "fpRate": 3.52490472146136,
    "fpRate_std": 18.23017379760548
  }
}