{
  "sample_results": {
    "sensitivity": 0.002962438748407424,
    "sensitivity_std": 0.02435257510387256,
    "precision": 0.06433222710012254,
    "precision_std": 0.20735712885511723,
    "f1": 0.0033376638865920336,
    "f1_std": 0.02461909691538175,
    "fpRate": 36.06847069328027,
    "fpRate_std": 156.4366823992316
  },
  "event_results": {
    "sensitivity": 0.018663709737430624,
    "sensitivity_std": 0.09996432913349736,
    "precision": 0.12920183071698224,
    "precision_std": 0.2990383272539623,
    "f1": 0.017422855974040273,
    "f1_std": 0.08599853873704301,
    "fpRate": 3.482019963350402,
    "fpRate_std": 18.195426714224624
  }
}