{
  "sample_results": {
    "sensitivity": 0.18190324441782668,
    "sensitivity_std": 0.26028282739136704,
    "precision": 0.396707333436411,
    "precision_std": 0.4240127194963151,
    "f1": 0.18150609890820393,
    "f1_std": 0.25146157658575863,
    "fpRate": 55.99782774437489,
    "fpRate_std": 125.1877013358915
  },
  "event_results": {
    "sensitivity": 0.368264163372859,
    "sensitivity_std": 0.42111352571910937,
    "precision": 0.35632055558729825,
    "precision_std": 0.37013819826818845,
    "f1": 0.26466031595487904,
    "f1_std": 0.33663269453395483,
    "fpRate": 5.033692035887521,
    "fpRate_std": 15.112308992555468
  }
}