{
  "sample_results": {
    "sensitivity": 0.18190324441782665,
    "sensitivity_std": 0.26028282739136704,
    "precision": 0.396707333436411,
    "precision_std": 0.424012719496315,
    "f1": 0.21971790920466788,
    "f1_std": 0.2610542090545531,
    "fpRate": 55.997827744374874,
    "fpRate_std": 125.18770133589149
  },
  "event_results": {
    "sensitivity": 0.368264163372859,
    "sensitivity_std": 0.42111352571910937,
    "precision": 0.3563205555872983,
    "precision_std": 0.37013819826818845,
    "f1": 0.3203782772085379,
    "f1_std": 0.34543873471488745,
    "fpRate": 5.033692035887523,
    "fpRate_std": 15.112308992555468
  }
}