{
  "sample_results": {
    "sensitivity": 0.007012604644374151,
    "sensitivity_std": 0.027172495783408225,
    "precision": 0.21285714285714288,
    "precision_std": 0.394767648875436,
    "f1": 0.027380404517253275,
    "f1_std": 0.06743487801268504,
    "fpRate": 56.16162654198383,
    "fpRate_std": 356.20190604032996
  },
  "event_results": {
    "sensitivity": 0.057058823529411766,
    "sensitivity_std": 0.19883873078458397,
    "precision": 0.2,
    "precision_std": 0.37859388972001834,
    "f1": 0.14366750208855475,
    "f1_std": 0.3010820221066587,
    "fpRate": 1.2483044883807715,
    "fpRate_std": 6.368572197831382
  }
}