{
  "sample_results": {
    "sensitivity": 0.00701260464437415,
    "sensitivity_std": 0.027172495783408225,
    "precision": 0.21285714285714288,
    "precision_std": 0.394767648875436,
    "f1": 0.012637109777193824,
    "f1_std": 0.04780315477110577,
    "fpRate": 56.16162654198383,
    "fpRate_std": 356.20190604033
  },
  "event_results": {
    "sensitivity": 0.05705882352941176,
    "sensitivity_std": 0.19883873078458397,
    "precision": 0.2,
    "precision_std": 0.3785938897200183,
    "f1": 0.06630807788702525,
    "f1_std": 0.21672146527517805,
    "fpRate": 1.2483044883807715,
    "fpRate_std": 6.36857219783138
  }
}