{
  "sample_results": {
    "sensitivity": 0.0007234938174164693,
    "sensitivity_std": 0.0046326207979322095,
    "precision": 0.007236842105263158,
    "precision_std": 0.02171052631578948,
    "f1": 0.004280155642023347,
    "f1_std": 0.012840466926070038,
    "fpRate": 2.0309810880433434,
    "fpRate_std": 6.111473337333711
  },
  "event_results": {
    "sensitivity": 0.002976190476190476,
    "sensitivity_std": 0.019056917373312048,
    "precision": 0.05,
    "precision_std": 0.15000000000000002,
    "f1": 0.02,
    "f1_std": 0.06,
    "fpRate": 0.10101580272120997,
    "fpRate_std": 0.20046451697676979
  }
}