{
  "sample_results": {
    "sensitivity": 0.014061308175718734,
    "sensitivity_std": 0.07053154913501734,
    "precision": 0.0974645154293369,
    "precision_std": 0.2622753622501389,
    "f1": 0.013456359509230397,
    "f1_std": 0.07171636927578064,
    "fpRate": 406.30776898345704,
    "fpRate_std": 2253.947430041796
  },
  "event_results": {
    "sensitivity": 0.05095527591859886,
    "sensitivity_std": 0.19097716235891687,
    "precision": 0.1807978177025796,
    "precision_std": 0.3394157051845747,
    "f1": 0.04213084320610794,
    "f1_std": 0.15543576261222772,
    "fpRate": 5.1096179072530274,
    "fpRate_std": 18.823933207049002
  }
}