{
  "sample_results": {
    "sensitivity": 0.014061308175718734,
    "sensitivity_std": 0.07053154913501734,
    "precision": 0.0974645154293369,
    "precision_std": 0.2622753622501389,
    "f1": 0.05116545999439931,
    "f1_std": 0.1327661873724166,
    "fpRate": 406.30776898345704,
    "fpRate_std": 2253.947430041796
  },
  "event_results": {
    "sensitivity": 0.05095527591859886,
    "sensitivity_std": 0.19097716235891687,
    "precision": 0.15157331645426883,
    "precision_std": 0.2968984626314472,
    "f1": 0.1506321438256266,
    "f1_std": 0.2537973040833665,
    "fpRate": 5.530817493622308,
    "fpRate_std": 19.763792039278396
  }
}