{
  "sample_results": {
    "sensitivity": 0.1746608383446187,
    "sensitivity_std": 0.22217315949994845,
    "precision": 0.03070477590764568,
    "precision_std": 0.0919941964548306,
    "f1": 0.03618517080815369,
    "f1_std": 0.07183298108796415,
    "fpRate": 1288.700562342147,
    "fpRate_std": 722.4497736636463
  },
  "event_results": {
    "sensitivity": 0.5176543195345682,
    "sensitivity_std": 0.38731440077271895,
    "precision": 0.021285045273336325,
    "precision_std": 0.06282539783545535,
    "f1": 0.03282959114252718,
    "f1_std": 0.07748543558689064,
    "fpRate": 88.07799682523677,
    "fpRate_std": 37.305527162044434
  }
}