{
  "sample_results": {
    "sensitivity": 0.17780068083316963,
    "sensitivity_std": 0.23421410423650307,
    "precision": 0.017591545641558175,
    "precision_std": 0.03318115557073097,
    "f1": 0.027165395109630574,
    "f1_std": 0.04129383659853382,
    "fpRate": 1113.2944212093487,
    "fpRate_std": 936.1968986886897
  },
  "event_results": {
    "sensitivity": 0.518224764653336,
    "sensitivity_std": 0.34862056609406966,
    "precision": 0.013164357760455185,
    "precision_std": 0.015343131913108928,
    "f1": 0.025119862451329487,
    "f1_std": 0.02851540108726846,
    "fpRate": 47.12665275730939,
    "fpRate_std": 21.59805815996064
  }
}