{
  "sample_results": {
    "sensitivity": 0.01673763736263736,
    "sensitivity_std": 0.05230045077900954,
    "precision": 0.21852713178294575,
    "precision_std": 0.1651937984496124,
    "f1": 0.021785887740234513,
    "f1_std": 0.0683730575452802,
    "fpRate": 65.02689009538457,
    "fpRate_std": 202.04029153781474
  },
  "event_results": {
    "sensitivity": 0.1285714285714286,
    "sensitivity_std": 0.31719433301677885,
    "precision": 0.2095238095238095,
    "precision_std": 0.07619047619047618,
    "f1": 0.04688191065900044,
    "f1_std": 0.12008266518775594,
    "fpRate": 6.935560523759116,
    "fpRate_std": 19.516752825343172
  }
}