{
  "sample_results": {
    "sensitivity": 0.41935563536382253,
    "sensitivity_std": 0.31695375457172825,
    "precision": 0.25598074140132165,
    "precision_std": 0.2969795507164057,
    "f1": 0.2064469898351436,
    "f1_std": 0.19918109693964822,
    "fpRate": 1237.9648865572685,
    "fpRate_std": 1786.5449024924922
  },
  "event_results": {
    "sensitivity": 0.6077475061170713,
    "sensitivity_std": 0.3849137688231259,
    "precision": 0.19926007725212133,
    "precision_std": 0.24491405536540412,
    "f1": 0.21815681808237675,
    "f1_std": 0.22658189641729473,
    "fpRate": 23.20513003991103,
    "fpRate_std": 24.616050894592007
  }
}