{
  "sample_results": {
    "sensitivity": 0.41935563536382253,
    "sensitivity_std": 0.31695375457172825,
    "precision": 0.2559807414013216,
    "precision_std": 0.2969795507164057,
    "f1": 0.21583094391855917,
    "f1_std": 0.1986229716425537,
    "fpRate": 1237.9648865572683,
    "fpRate_std": 1786.5449024924924
  },
  "event_results": {
    "sensitivity": 0.6077475061170713,
    "sensitivity_std": 0.38491376882312583,
    "precision": 0.19866250302836572,
    "precision_std": 0.24516797369780943,
    "f1": 0.227124602815562,
    "f1_std": 0.2270033912715625,
    "fpRate": 23.475796292420338,
    "fpRate_std": 24.89440667333946
  }
}