{
  "sample_results": {
    "sensitivity": 0.2967997298213348,
    "sensitivity_std": 0.2992362686109116,
    "precision": 0.04982187934213434,
    "precision_std": 0.12948849684046757,
    "f1": 0.06251938836829164,
    "f1_std": 0.11973272771859436,
    "fpRate": 1570.4777594189243,
    "fpRate_std": 965.7786707678252
  },
  "event_results": {
    "sensitivity": 0.548467059481353,
    "sensitivity_std": 0.40117166760558126,
    "precision": 0.03978549584605147,
    "precision_std": 0.1143275897799238,
    "f1": 0.05620147239843731,
    "f1_std": 0.12249961382730488,
    "fpRate": 37.353551681910496,
    "fpRate_std": 17.001190671692232
  }
}