{
  "sample_results": {
    "sensitivity": 0.2967997298213348,
    "sensitivity_std": 0.2992362686109116,
    "precision": 0.04982187934213435,
    "precision_std": 0.12948849684046757,
    "f1": 0.06251938836829164,
    "f1_std": 0.11973272771859438,
    "fpRate": 1570.477759418924,
    "fpRate_std": 965.7786707678252
  },
  "event_results": {
    "sensitivity": 0.548467059481353,
    "sensitivity_std": 0.4011716676055812,
    "precision": 0.040080073210288544,
    "precision_std": 0.1145198407754329,
    "f1": 0.05664751365750023,
    "f1_std": 0.1229295033729781,
    "fpRate": 37.14997369022564,
    "fpRate_std": 16.86675586732179
  }
}