{
  "sample_results": {
    "sensitivity": 0.0411939141793476,
    "sensitivity_std": 0.10657492492389578,
    "precision": 0.08644974669068169,
    "precision_std": 0.20857478880096844,
    "f1": 0.04414347613327445,
    "f1_std": 0.08630700739623891,
    "fpRate": 105.14381827985302,
    "fpRate_std": 242.66372398406335
  },
  "event_results": {
    "sensitivity": 0.07072510822510822,
    "sensitivity_std": 0.1733840628487494,
    "precision": 0.06469465753633577,
    "precision_std": 0.15188547813991185,
    "f1": 0.06512882902757045,
    "f1_std": 0.1495068311727339,
    "fpRate": 2.201807520663599,
    "fpRate_std": 3.872286222748935
  }
}