{
  "sample_results": {
    "sensitivity": 0.4110190284356658,
    "sensitivity_std": 0.352706629746204,
    "precision": 0.10510442999961997,
    "precision_std": 0.13954593420884862,
    "f1": 0.11967481224514695,
    "f1_std": 0.11900775619760007,
    "fpRate": 6438.3852109802,
    "fpRate_std": 9507.328055370761
  },
  "event_results": {
    "sensitivity": 0.6642857142857143,
    "sensitivity_std": 0.3805727274871775,
    "precision": 0.12368443375926325,
    "precision_std": 0.15439400772051065,
    "f1": 0.1802942191759257,
    "f1_std": 0.1852501108519807,
    "fpRate": 80.22786740391545,
    "fpRate_std": 61.914771776222835
  }
}