{
  "sample_results": {
    "sensitivity": 0.41101902843566573,
    "sensitivity_std": 0.352706629746204,
    "precision": 0.10510442999961997,
    "precision_std": 0.13954593420884864,
    "f1": 0.11112661137049361,
    "f1_std": 0.11874824955360687,
    "fpRate": 6438.3852109802,
    "fpRate_std": 9507.328055370761
  },
  "event_results": {
    "sensitivity": 0.6642857142857143,
    "sensitivity_std": 0.3805727274871775,
    "precision": 0.12586739797384786,
    "precision_std": 0.15408805097320927,
    "f1": 0.16988737228217227,
    "f1_std": 0.184142715178121,
    "fpRate": 77.736856498113,
    "fpRate_std": 59.338534202469305
  }
}