{
  "sample_results": {
    "sensitivity": 0.20376390786998938,
    "sensitivity_std": 0.3040544656865717,
    "precision": 0.18648529085923268,
    "precision_std": 0.32159410424032114,
    "f1": 0.19819298481537334,
    "f1_std": 0.23414386219973768,
    "fpRate": 7296.56192895558,
    "fpRate_std": 19187.4873721356
  },
  "event_results": {
    "sensitivity": 0.33518888492076626,
    "sensitivity_std": 0.40422254472045327,
    "precision": 0.23768593478040026,
    "precision_std": 0.35105613544272674,
    "f1": 0.35178352436757737,
    "f1_std": 0.3161954304205303,
    "fpRate": 48.869701120723846,
    "fpRate_std": 86.24686573855257
  }
}