{
  "sample_results": {
    "sensitivity": 0.20376390786998938,
    "sensitivity_std": 0.3040544656865717,
    "precision": 0.18648529085923266,
    "precision_std": 0.32159410424032114,
    "f1": 0.0937399252505144,
    "f1_std": 0.18900101583068737,
    "fpRate": 7296.561928955579,
    "fpRate_std": 19187.4873721356
  },
  "event_results": {
    "sensitivity": 0.33518888492076626,
    "sensitivity_std": 0.40422254472045327,
    "precision": 0.2670218879721619,
    "precision_std": 0.3819774373430063,
    "f1": 0.18022728954465891,
    "f1_std": 0.3014476783478147,
    "fpRate": 44.85003612445229,
    "fpRate_std": 83.1449304493745
  }
}