{
  "sample_results": {
    "sensitivity": 0.16384903181573104,
    "sensitivity_std": 0.14136821958789542,
    "precision": 0.032723735353386976,
    "precision_std": 0.041410655074110646,
    "f1": 0.0465554503067521,
    "f1_std": 0.05614274508194485,
    "fpRate": 2441.613741100823,
    "fpRate_std": 1685.6680197997314
  },
  "event_results": {
    "sensitivity": 0.9126623376623378,
    "sensitivity_std": 0.14874207016279975,
    "precision": 0.02634675142426299,
    "precision_std": 0.032531120559907506,
    "f1": 0.049258561762728234,
    "f1_std": 0.055921396108825724,
    "fpRate": 241.34696271127652,
    "fpRate_std": 64.98509882930641
  }
}