{
  "sample_results": {
    "sensitivity": 0.16384903181573107,
    "sensitivity_std": 0.14136821958789542,
    "precision": 0.032723735353386976,
    "precision_std": 0.041410655074110646,
    "f1": 0.04655545030675211,
    "f1_std": 0.056142745081944855,
    "fpRate": 2441.6137411008235,
    "fpRate_std": 1685.6680197997312
  },
  "event_results": {
    "sensitivity": 0.9126623376623378,
    "sensitivity_std": 0.14874207016279975,
    "precision": 0.027320196151137146,
    "precision_std": 0.03540703103212028,
    "f1": 0.050788128708432786,
    "f1_std": 0.060023527313068814,
    "fpRate": 237.50706518593313,
    "fpRate_std": 64.45899889681753
  }
}