{
  "sample_results": {
    "sensitivity": 0.2798342844179916,
    "sensitivity_std": 0.17098189842223627,
    "precision": 0.00710085316751123,
    "precision_std": 0.016585309044855598,
    "f1": 0.012055604600516415,
    "f1_std": 0.022757563442274677,
    "fpRate": 8093.626101315362,
    "fpRate_std": 2421.475179811972
  },
  "event_results": {
    "sensitivity": 0.9934148094895758,
    "sensitivity_std": 0.03463377345478702,
    "precision": 0.010484008026049324,
    "precision_std": 0.031977770510152756,
    "f1": 0.019087707509861548,
    "f1_std": 0.05116273947902891,
    "fpRate": 285.946517746031,
    "fpRate_std": 21.88251005385506
  }
}