{
  "sample_results": {
    "sensitivity": 0.27983428441799163,
    "sensitivity_std": 0.17098189842223627,
    "precision": 0.007100853167511232,
    "precision_std": 0.016585309044855598,
    "f1": 0.012055604600516414,
    "f1_std": 0.02275756344227468,
    "fpRate": 8093.626101315362,
    "fpRate_std": 2421.4751798119723
  },
  "event_results": {
    "sensitivity": 0.9934148094895758,
    "sensitivity_std": 0.03463377345478702,
    "precision": 0.010484008026049324,
    "precision_std": 0.031977770510152756,
    "f1": 0.01908770750986155,
    "f1_std": 0.05116273947902891,
    "fpRate": 285.94651774603096,
    "fpRate_std": 21.88251005385506
  }
}