{
  "sample_results": {
    "sensitivity": 0.27983428441799163,
    "sensitivity_std": 0.17098189842223627,
    "precision": 0.00710085316751123,
    "precision_std": 0.016585309044855598,
    "f1": 0.012055604600516417,
    "f1_std": 0.02275756344227468,
    "fpRate": 8093.626101315362,
    "fpRate_std": 2421.475179811972
  },
  "event_results": {
    "sensitivity": 0.9934148094895758,
    "sensitivity_std": 0.03463377345478702,
    "precision": 0.012076847909562493,
    "precision_std": 0.0435004702767617,
    "f1": 0.021022254004926244,
    "f1_std": 0.06440551977014068,
    "fpRate": 282.35485990049773,
    "fpRate_std": 25.07791784654263
  }
}