{
  "sample_results": {
    "sensitivity": 0.23771180079334592,
    "sensitivity_std": 0.16557970208287798,
    "precision": 0.0034794162922174095,
    "precision_std": 0.00394736718419973,
    "f1": 0.006776053046951694,
    "f1_std": 0.007622057633330077,
    "fpRate": 5013.498205986655,
    "fpRate_std": 1603.164427540454
  },
  "event_results": {
    "sensitivity": 0.9765512265512266,
    "sensitivity_std": 0.09205639552504725,
    "precision": 0.0037646758842038337,
    "precision_std": 0.002705900021267008,
    "f1": 0.007483581261538704,
    "f1_std": 0.005347224071511715,
    "fpRate": 285.40064720555426,
    "fpRate_std": 16.409137218349308
  }
}