{
  "sample_results": {
    "sensitivity": 0.23771180079334592,
    "sensitivity_std": 0.16557970208287798,
    "precision": 0.0034794085766042364,
    "precision_std": 0.0039473718505091335,
    "f1": 0.006776037849844546,
    "f1_std": 0.007622066822294728,
    "fpRate": 5013.528205269473,
    "fpRate_std": 1603.1499940401864
  },
  "event_results": {
    "sensitivity": 0.9765512265512266,
    "sensitivity_std": 0.09205639552504725,
    "precision": 0.003764613843555433,
    "precision_std": 0.0027059428494200614,
    "f1": 0.00748345764953794,
    "f1_std": 0.005347309562390521,
    "fpRate": 285.41063702562576,
    "fpRate_std": 16.412699845419013
  }
}