{
  "sample_results": {
    "sensitivity": 0.23771180079334597,
    "sensitivity_std": 0.16557970208287795,
    "precision": 0.00347941629221741,
    "precision_std": 0.00394736718419973,
    "f1": 0.006776053046951694,
    "f1_std": 0.007622057633330077,
    "fpRate": 5013.498205986654,
    "fpRate_std": 1603.164427540454
  },
  "event_results": {
    "sensitivity": 0.9765512265512266,
    "sensitivity_std": 0.09205639552504725,
    "precision": 0.0037837087470586313,
    "precision_std": 0.0027294604151159208,
    "f1": 0.007521054461855228,
    "f1_std": 0.005393222094388826,
    "fpRate": 284.4221054412232,
    "fpRate_std": 16.485404275890495
  }
}