{
  "sample_results": {
    "sensitivity": 0.1759063532020704,
    "sensitivity_std": 0.12661433771231806,
    "precision": 0.01700806214649122,
    "precision_std": 0.012622902861276356,
    "f1": 0.029644107452650253,
    "f1_std": 0.021329609495226075,
    "fpRate": 6356.5244446301085,
    "fpRate_std": 2332.694341807189
  },
  "event_results": {
    "sensitivity": 0.9857142857142858,
    "sensitivity_std": 0.05150787536377125,
    "precision": 0.03327237144556232,
    "precision_std": 0.026218384539181447,
    "f1": 0.06319133718961724,
    "f1_std": 0.04647658376287574,
    "fpRate": 297.7873959971871,
    "fpRate_std": 28.696137270068984
  }
}