{
  "sample_results": {
    "sensitivity": 0.1759063532020704,
    "sensitivity_std": 0.12661433771231806,
    "precision": 0.017008062146491223,
    "precision_std": 0.012622902861276356,
    "f1": 0.029644107452650253,
    "f1_std": 0.021329609495226075,
    "fpRate": 6356.524444630107,
    "fpRate_std": 2332.694341807189
  },
  "event_results": {
    "sensitivity": 0.9857142857142858,
    "sensitivity_std": 0.05150787536377125,
    "precision": 0.035604852735592926,
    "precision_std": 0.030954785643851686,
    "f1": 0.06711976757422403,
    "f1_std": 0.05384347746109878,
    "fpRate": 286.04683291002783,
    "fpRate_std": 31.022208919937245
  }
}