{
  "sample_results": {
    "sensitivity": 0.11822135142325783,
    "sensitivity_std": 0.17745496655296564,
    "precision": 0.08985109129197706,
    "precision_std": 0.20245377825409203,
    "f1": 0.0941557848006989,
    "f1_std": 0.11889742305678208,
    "fpRate": 3612.3600801745583,
    "fpRate_std": 3342.439717389764
  },
  "event_results": {
    "sensitivity": 0.7034009698925888,
    "sensitivity_std": 0.3460808899791256,
    "precision": 0.11377655152094318,
    "precision_std": 0.21022143415042288,
    "f1": 0.3166630012017667,
    "f1_std": 0.23746417778808365,
    "fpRate": 249.4504242379011,
    "fpRate_std": 119.1805428277291
  }
}