{
  "sample_results": {
    "sensitivity": 0.11822135142325783,
    "sensitivity_std": 0.17745496655296564,
    "precision": 0.08985109129197706,
    "precision_std": 0.202453778254092,
    "f1": 0.040681049005492805,
    "f1_std": 0.09101253565091844,
    "fpRate": 3612.3600801745583,
    "fpRate_std": 3342.439717389764
  },
  "event_results": {
    "sensitivity": 0.7034009698925888,
    "sensitivity_std": 0.3460808899791256,
    "precision": 0.12911116515182341,
    "precision_std": 0.23820336246904159,
    "f1": 0.14959726880460344,
    "f1_std": 0.2439433022335716,
    "fpRate": 236.5338327480581,
    "fpRate_std": 121.37217351317115
  }
}