{
  "sample_results": {
    "sensitivity": 0.882040213739856,
    "sensitivity_std": 0.13241231330059264,
    "precision": 0.29563423003767686,
    "precision_std": 0.22322468386013017,
    "f1": 0.40196365363440534,
    "f1_std": 0.2452323952302779,
    "fpRate": 1302.175889543231,
    "fpRate_std": 1386.1907271036498
  },
  "event_results": {
    "sensitivity": 1.0,
    "sensitivity_std": 0.0,
    "precision": 0.070954886833775,
    "precision_std": 0.05436206957916964,
    "f1": 0.1278718190212778,
    "f1_std": 0.09147365682989675,
    "fpRate": 113.64396651147086,
    "fpRate_std": 81.73066751331193
  }
}