{
  "sample_results": {
    "sensitivity": 0.8820402137398555,
    "sensitivity_std": 0.13241231330059264,
    "precision": 0.29563423003767697,
    "precision_std": 0.22322468386013017,
    "f1": 0.40196365363440534,
    "f1_std": 0.24523239523027796,
    "fpRate": 1302.1758895432308,
    "fpRate_std": 1386.19072710365
  },
  "event_results": {
    "sensitivity": 1.0,
    "sensitivity_std": 0.0,
    "precision": 0.06852403606453197,
    "precision_std": 0.05133359921482402,
    "f1": 0.12407553540174485,
    "f1_std": 0.08720364274896679,
    "fpRate": 116.75578683215053,
    "fpRate_std": 84.6640238467207
  }
}