{
  "sample_results": {
    "sensitivity": 0.23308871291912622,
    "sensitivity_std": 0.19342768863157447,
    "precision": 0.014344011385341629,
    "precision_std": 0.042316709164171094,
    "f1": 0.022084838356991543,
    "f1_std": 0.05756443016631859,
    "fpRate": 5898.453553008525,
    "fpRate_std": 5544.607850016476
  },
  "event_results": {
    "sensitivity": 0.9164229698589237,
    "sensitivity_std": 0.20267471004392731,
    "precision": 0.012108259763917998,
    "precision_std": 0.0341413650691084,
    "f1": 0.02170282504932866,
    "f1_std": 0.0526607190412302,
    "fpRate": 237.82052678227882,
    "fpRate_std": 50.250636662808
  }
}