{
  "sample_results": {
    "sensitivity": 0.23308871291912622,
    "sensitivity_std": 0.19342768863157445,
    "precision": 0.014344011385341634,
    "precision_std": 0.042316709164171094,
    "f1": 0.022084838356991546,
    "f1_std": 0.05756443016631859,
    "fpRate": 5898.453553008526,
    "fpRate_std": 5544.607850016476
  },
  "event_results": {
    "sensitivity": 0.9164229698589237,
    "sensitivity_std": 0.20267471004392731,
    "precision": 0.013009782133769292,
    "precision_std": 0.03960722782699106,
    "f1": 0.02281349352373285,
    "f1_std": 0.05861336867599327,
    "fpRate": 235.6574685489207,
    "fpRate_std": 50.999349451857015
  }
}