{
  "sample_results": {
    "sensitivity": 0.2330887129191262,
    "sensitivity_std": 0.19342768863157447,
    "precision": 0.014344011385341632,
    "precision_std": 0.042316709164171094,
    "f1": 0.022084838356991546,
    "f1_std": 0.05756443016631859,
    "fpRate": 5898.453553008526,
    "fpRate_std": 5544.607850016476
  },
  "event_results": {
    "sensitivity": 0.9164229698589237,
    "sensitivity_std": 0.20267471004392731,
    "precision": 0.012108259763917996,
    "precision_std": 0.0341413650691084,
    "f1": 0.021702825049328658,
    "f1_std": 0.052660719041230195,
    "fpRate": 237.82052678227882,
    "fpRate_std": 50.250636662808
  }
}