{
  "sample_results": {
    "sensitivity": 0.16181873188563095,
    "sensitivity_std": 0.1728837712629253,
    "precision": 0.010398175095877014,
    "precision_std": 0.01980404885284986,
    "f1": 0.018449122622449736,
    "f1_std": 0.03311878382654499,
    "fpRate": 1940.8401407739404,
    "fpRate_std": 1966.4356582201588
  },
  "event_results": {
    "sensitivity": 0.6701479076479077,
    "sensitivity_std": 0.33750380477289416,
    "precision": 0.00860435911377815,
    "precision_std": 0.007559950370380821,
    "f1": 0.016858424482851356,
    "f1_std": 0.014630148434563993,
    "fpRate": 95.115741937477,
    "fpRate_std": 42.59395754653881
  }
}