{
  "sample_results": {
    "sensitivity": 0.16181873188563095,
    "sensitivity_std": 0.17288377126292528,
    "precision": 0.010398175095877014,
    "precision_std": 0.01980404885284986,
    "f1": 0.018449122622449736,
    "f1_std": 0.03311878382654499,
    "fpRate": 1940.8401407739407,
    "fpRate_std": 1966.4356582201585
  },
  "event_results": {
    "sensitivity": 0.6701479076479077,
    "sensitivity_std": 0.3375038047728942,
    "precision": 0.008648912279331443,
    "precision_std": 0.007611868204051709,
    "f1": 0.016943780997097844,
    "f1_std": 0.014729073660345664,
    "fpRate": 94.77725096666812,
    "fpRate_std": 42.375584572593205
  }
}