{
  "sample_results": {
    "sensitivity": 0.33838000422102665,
    "sensitivity_std": 0.29551188079222074,
    "precision": 0.0643305016902165,
    "precision_std": 0.0967281608964848,
    "f1": 0.061224663076749265,
    "f1_std": 0.0781111387416573,
    "fpRate": 12229.039458786472,
    "fpRate_std": 14891.18546137627
  },
  "event_results": {
    "sensitivity": 0.8583333333333334,
    "sensitivity_std": 0.2191931452409836,
    "precision": 0.07170098454725635,
    "precision_std": 0.05631048168171599,
    "f1": 0.12680889363418865,
    "f1_std": 0.09300903675389137,
    "fpRate": 145.47627718914987,
    "fpRate_std": 73.34061157167574
  }
}