{
  "sample_results": {
    "sensitivity": 0.3383800042210267,
    "sensitivity_std": 0.2955118807922208,
    "precision": 0.0643305016902165,
    "precision_std": 0.0967281608964848,
    "f1": 0.061224663076749265,
    "f1_std": 0.0781111387416573,
    "fpRate": 12229.039458786476,
    "fpRate_std": 14891.185461376268
  },
  "event_results": {
    "sensitivity": 0.8583333333333333,
    "sensitivity_std": 0.21919314524098357,
    "precision": 0.06756169146084061,
    "precision_std": 0.05043260237268246,
    "f1": 0.120486222532351,
    "f1_std": 0.0845723385089917,
    "fpRate": 152.24201769661516,
    "fpRate_std": 75.38077458924418
  }
}