{
  "sample_results": {
    "sensitivity": 0.12044416837185752,
    "sensitivity_std": 0.2070857994688213,
    "precision": 0.09142110945398688,
    "precision_std": 0.21863271004445214,
    "f1": 0.0408132022682196,
    "f1_std": 0.1022631276744503,
    "fpRate": 6561.849545959935,
    "fpRate_std": 13330.109027123926
  },
  "event_results": {
    "sensitivity": 0.4941881642297708,
    "sensitivity_std": 0.4056036250166351,
    "precision": 0.1489874101435033,
    "precision_std": 0.26760392203155786,
    "f1": 0.1514355813138602,
    "f1_std": 0.2596945945285407,
    "fpRate": 127.91215065946574,
    "fpRate_std": 110.73576930863317
  }
}