{
  "sample_results": {
    "sensitivity": 0.12044416837185752,
    "sensitivity_std": 0.2070857994688213,
    "precision": 0.09142110945398688,
    "precision_std": 0.21863271004445214,
    "f1": 0.09056360211342161,
    "f1_std": 0.13674771222911808,
    "fpRate": 6561.849545959935,
    "fpRate_std": 13330.109027123926
  },
  "event_results": {
    "sensitivity": 0.4941881642297708,
    "sensitivity_std": 0.4056036250166351,
    "precision": 0.1325190559978775,
    "precision_std": 0.2419545406186811,
    "f1": 0.3077422853938555,
    "f1_std": 0.2696269142790129,
    "fpRate": 137.670711360624,
    "fpRate_std": 115.60444413582736
  }
}