{"sz-challenge-09": {"algorithm_name": "HySEIZa v2", "evaluation_dataset": {"sample_results": {"sensitivity": 0.42425708872260787, "sensitivity_std": 0.3474048051344051, "precision": 0.13613345455486975, "precision_std": 0.19007434218107308, "f1": 0.1619174489510841, "f1_std": 0.18787319696777316, "fpRate": 1315.3414329473605, "fpRate_std": 3316.3110358720187}, "event_results": {"sensitivity": 0.7150256182031883, "sensitivity_std": 0.38989667054308863, "precision": 0.09745546237812222, "precision_std": 0.16678237604621124, "f1": 0.1419435005310794, "f1_std": 0.1912792824754499, "fpRate": 28.51770328441023, "fpRate_std": 37.1124445401249}}}, "sz-challenge-19": {"algorithm_name": "DeepSOZ-HEM", "evaluation_dataset": {"sample_results": {"sensitivity": 0.4519346831442857, "sensitivity_std": 0.3745176097905096, "precision": 0.28049237710060754, "precision_std": 0.3188192573611138, "f1": 0.2870370898544368, "f1_std": 0.28352800554358065, "fpRate": 2295.7889631717703, "fpRate_std": 7973.518196637087}, "event_results": {"sensitivity": 0.5844422561739769, "sensitivity_std": 0.43354199338569477, "precision": 0.2656810925222419, "precision_std": 0.3134943317626678, "f1": 0.3124731085611409, "f1_std": 0.3109083035885482, "fpRate": 13.717283840115329, "fpRate_std": 35.389415100337835}}}, "sz-challenge-12": {"algorithm_name": "SeizUnet", "evaluation_dataset": {"sample_results": {"sensitivity": 0.047653962398383105, "sensitivity_std": 0.09781406593697821, "precision": 0.21258097670177387, "precision_std": 0.34135071840406295, "f1": 0.09728494059714791, "f1_std": 0.14892205726950322, "fpRate": 90.76532851181582, "fpRate_std": 254.23803717490014}, "event_results": {"sensitivity": 0.1596233382170142, "sensitivity_std": 0.3119824006173121, "precision": 0.19731244375339843, "precision_std": 0.3349763334059152, "f1": 0.18514342725346095, "f1_std": 0.28320788788215256, "fpRate": 3.8123925966315877, "fpRate_std": 10.153772368069388}}}, "sz-challenge-11": {"algorithm_name": "SeizureTransformer", "evaluation_dataset": {"sample_results": {"sensitivity": 0.1239990263146942, "sensitivity_std": 0.16236829794172522, "precision": 0.4895417823651108, "precision_std": 0.4261463170437197, "f1": 0.22820574544724773, "f1_std": 0.22058090385225884, "fpRate": 20.78078869348734, "fpRate_std": 53.880943680629336}, "event_results": {"sensitivity": 0.36922658793059354, "sensitivity_std": 0.4119723724585814, "precision": 0.44879002885337876, "precision_std": 0.4054792861249718, "f1": 0.42828158912407643, "f1_std": 0.37449931873067904, "fpRate": 1.3419003964363214, "fpRate_std": 2.9061883032618105}}}, "sz-challenge-00": {"algorithm_name": "DynSD", "evaluation_dataset": {"sample_results": {"sensitivity": 0.2967997298213348, "sensitivity_std": 0.2992362686109116, "precision": 0.04982187934213435, "precision_std": 0.12948849684046757, "f1": 0.06251938836829164, "f1_std": 0.11973272771859436, "fpRate": 1571.1181783417617, "fpRate_std": 966.1139278968577}, "event_results": {"sensitivity": 0.548467059481353, "sensitivity_std": 0.4011716676055812, "precision": 0.03978549584605147, "precision_std": 0.11432758977992381, "f1": 0.05620147239843731, "f1_std": 0.1224996138273049, "fpRate": 37.36838732789263, "fpRate_std": 17.00500761215595}}}, "sz-challenge-22": {"algorithm_name": "zhu-transformer", "evaluation_dataset": {"sample_results": {"sensitivity": 0.2577836878695434, "sensitivity_std": 0.2959569170209294, "precision": 0.17266105675052348, "precision_std": 0.28375926323792466, "f1": 0.16343876607009572, "f1_std": 0.2355703274179705, "fpRate": 2169.1146099196494, "fpRate_std": 6800.475914760236}, "event_results": {"sensitivity": 0.46315904363183086, "sensitivity_std": 0.4455332242611739, "precision": 0.16153210615710026, "precision_std": 0.26509969723715643, "f1": 0.19831969622774379, "f1_std": 0.2749081266223353, "fpRate": 23.566246814389615, "fpRate_std": 51.27174079343032}}}, "sz-challenge-08": {"algorithm_name": "HySEIZa v1", "evaluation_dataset": {"sample_results": {"sensitivity": 0.2917592130523892, "sensitivity_std": 0.28477330012758634, "precision": 0.31582544791713696, "precision_std": 0.3133705297996186, "f1": 0.2442306597549889, "f1_std": 0.23900500392561025, "fpRate": 497.26539777721547, "fpRate_std": 1750.0090078591957}, "event_results": {"sensitivity": 0.6011290099552882, "sensitivity_std": 0.42367649105497657, "precision": 0.21560722265295906, "precision_std": 0.2545908990373038, "f1": 0.2577673672368612, "f1_std": 0.2461149858838971, "fpRate": 13.315937558450297, "fpRate_std": 26.508109168088364}}}, "sz-challenge-02": {"algorithm_name": "Multi-scale Gradient Boosting v1", "evaluation_dataset": {"sample_results": {"sensitivity": 0.05728361155347081, "sensitivity_std": 0.11280742207382537, "precision": 0.026336139551528987, "precision_std": 0.06805222934439291, "f1": 0.02995184700881944, "f1_std": 0.07198720381164518, "fpRate": 759.3062244578547, "fpRate_std": 664.913106543662}, "event_results": {"sensitivity": 0.1249865978271127, "sensitivity_std": 0.2293175213251934, "precision": 0.03183197279704807, "precision_std": 0.07311574566848009, "f1": 0.04084984486345465, "f1_std": 0.0826368750824548, "fpRate": 11.69013537431573, "fpRate_std": 8.948615108278794}}}, "sz-challenge-17": {"algorithm_name": "NE Illusion 1 v3", "evaluation_dataset": {"sample_results": {"sensitivity": 0.7761773912778992, "sensitivity_std": 0.24212884208763497, "precision": 0.003398504436359413, "precision_std": 0.01264620824299048, "f1": 0.006463742761153411, "f1_std": 0.022965937701719397, "fpRate": 67608.41897165547, "fpRate_std": 12508.400984977958}, "event_results": {"sensitivity": 0.9467054077801742, "sensitivity_std": 0.16226966159798797, "precision": 0.010340558579231704, "precision_std": 0.03339638029805182, "f1": 0.01865068498029464, "f1_std": 0.05276427892935411, "fpRate": 280.3971450156867, "fpRate_std": 15.527609011398052}}}, "sz-challenge-15": {"algorithm_name": "NE Illusion 1 v1", "evaluation_dataset": {"sample_results": {"sensitivity": 0.30409805342167356, "sensitivity_std": 0.30734406870919756, "precision": 0.007831333690212692, "precision_std": 0.03481843790010853, "f1": 0.012587647709213284, "f1_std": 0.05241962962462887, "fpRate": 24590.138235894367, "fpRate_std": 16864.61765806391}, "event_results": {"sensitivity": 0.6888159543712045, "sensitivity_std": 0.3613675217476176, "precision": 0.01569983450213322, "precision_std": 0.045368780194102946, "f1": 0.026905993754259276, "f1_std": 0.06923136364960887, "fpRate": 158.33928939184077, "fpRate_std": 68.56653055375976}}}, "sz-challenge-14": {"algorithm_name": "STORM", "evaluation_dataset": {"sample_results": {"sensitivity": 0.6820267247975023, "sensitivity_std": 0.30904179896316636, "precision": 0.0026504159107242752, "precision_std": 0.01018272211430329, "f1": 0.004960482901606328, "f1_std": 0.01814039468192628, "fpRate": 76937.61125467726, "fpRate_std": 12390.541558867284}, "event_results": {"sensitivity": 0.98868258178603, "sensitivity_std": 0.04791154723015919, "precision": 0.01121367499334952, "precision_std": 0.034235225488166474, "f1": 0.020287313320363043, "f1_std": 0.0553223887364829, "fpRate": 289.69399198628633, "fpRate_std": 26.48976303187481}}}, "sz-challenge-24": {"algorithm_name": "S4Seizure v3", "evaluation_dataset": {"sample_results": {"sensitivity": 0.1761436210650917, "sensitivity_std": 0.20672862739420111, "precision": 0.36339345255289773, "precision_std": 0.3445694500411492, "f1": 0.21008749327244902, "f1_std": 0.22572787810877873, "fpRate": 100.01883177993412, "fpRate_std": 195.05866673445837}, "event_results": {"sensitivity": 0.5611860660871106, "sensitivity_std": 0.42015209603519005, "precision": 0.191511864997633, "precision_std": 0.24215435923530462, "f1": 0.2393620211773319, "f1_std": 0.24700547227386835, "fpRate": 12.519423104800316, "fpRate_std": 23.987031178680585}}}, "sz-challenge-13": {"algorithm_name": "SeizFormer", "evaluation_dataset": {"sample_results": {"sensitivity": 0.4506543863380085,