{"sz-challenge-09": {"algorithm_name": "HySEIZa v2", "evaluation_dataset": {"sample_results": {"sensitivity": 0.42425708872260787, "sensitivity_std": 0.3474048051344051, "precision": 0.13601448763467924, "precision_std": 0.19006351153420445, "f1": 0.16175661758194715, "f1_std": 0.187831909961952, "fpRate": 1316.6645754057975, "fpRate_std": 3316.70403977945}, "event_results": {"sensitivity": 0.7150256182031883, "sensitivity_std": 0.38989667054308863, "precision": 0.09732402513428393, "precision_std": 0.16679882715023553, "f1": 0.14171655414605094, "f1_std": 0.19128338172816708, "fpRate": 28.585641581574325, "fpRate_std": 37.193450284799404}}}, "sz-challenge-19": {"algorithm_name": "DeepSOZ-HEM", "evaluation_dataset": {"sample_results": {"sensitivity": 0.45193468314428575, "sensitivity_std": 0.3745176097905096, "precision": 0.27934914133458844, "precision_std": 0.3181705220797693, "f1": 0.28594398836102314, "f1_std": 0.2824272400724233, "fpRate": 2295.359688642491, "fpRate_std": 7970.3231664949}, "event_results": {"sensitivity": 0.5844422561739768, "sensitivity_std": 0.43354199338569477, "precision": 0.26317547702418576, "precision_std": 0.31364614768125393, "f1": 0.30939053392608235, "f1_std": 0.31027371245293117, "fpRate": 13.766936031936762, "fpRate_std": 35.37983592530148}}}, "sz-challenge-12": {"algorithm_name": "SeizUnet", "evaluation_dataset": {"sample_results": {"sensitivity": 0.03974983919126139, "sensitivity_std": 0.08528859671652995, "precision": 0.2442950894738643, "precision_std": 0.37752272737952014, "f1": 0.08816810465666115, "f1_std": 0.13741892441968562, "fpRate": 60.58841482745503, "fpRate_std": 151.8815966807729}, "event_results": {"sensitivity": 0.13589278796374393, "sensitivity_std": 0.2763415830879769, "precision": 0.23267839210821667, "precision_std": 0.37811462824644076, "f1": 0.19329199248294032, "f1_std": 0.2978116091638665, "fpRate": 2.582986963688593, "fpRate_std": 6.197986773059865}}}, "sz-challenge-11": {"algorithm_name": "SeizureTransformer", "evaluation_dataset": {"sample_results": {"sensitivity": 0.1239990263146942, "sensitivity_std": 0.16236829794172522, "precision": 0.44562994151859975, "precision_std": 0.4066691100131641, "f1": 0.21630675469794722, "f1_std": 0.21744691595976282, "fpRate": 22.84616266897791, "fpRate_std": 55.31788268705823}, "event_results": {"sensitivity": 0.3692265879305935, "sensitivity_std": 0.4119723724585815, "precision": 0.37538827510447736, "precision_std": 0.36887247762579933, "f1": 0.37914852682072053, "f1_std": 0.35017358795351533, "fpRate": 1.5350776919099252, "fpRate_std": 2.982555979575196}}}, "sz-challenge-08": {"algorithm_name": "HySEIZa v1", "evaluation_dataset": {"sample_results": {"sensitivity": 0.29175921305238917, "sensitivity_std": 0.28477330012758634, "precision": 0.3152742187182065, "precision_std": 0.3133596262892241, "f1": 0.24375123805623852, "f1_std": 0.23866427414969205, "fpRate": 497.6083777759611, "fpRate_std": 1750.016115633275}, "event_results": {"sensitivity": 0.6011290099552882, "sensitivity_std": 0.4236764910549766, "precision": 0.21421036069017724, "precision_std": 0.25419575014045415, "f1": 0.25607501372007624, "f1_std": 0.24485207345987312, "fpRate": 13.346816223826673, "fpRate_std": 26.52876468278605}}}, "sz-challenge-15": {"algorithm_name": "NE Illusion 1 v1", "evaluation_dataset": {"sample_results": {"sensitivity": 0.234900994070768, "sensitivity_std": 0.26949254959377206, "precision": 0.00838156338698871, "precision_std": 0.03617911043816308, "f1": 0.013438322334274425, "f1_std": 0.05446434827211947, "fpRate": 21656.055604668625, "fpRate_std": 16977.561398478614}, "event_results": {"sensitivity": 0.6026621082173583, "sensitivity_std": 0.4007761455707762, "precision": 0.016529287162445793, "precision_std": 0.047078116577647475, "f1": 0.028209507732216147, "f1_std": 0.07180212743247429, "fpRate": 141.32372869000426, "fpRate_std": 78.08524435833215}}}, "sz-challenge-24": {"algorithm_name": "S4Seizure v3", "evaluation_dataset": {"sample_results": {"sensitivity": 0.17614362106509174, "sensitivity_std": 0.20672862739420111, "precision": 0.36016660631860564, "precision_std": 0.34246987544838914, "f1": 0.208804888750949, "f1_std": 0.22399807382176906, "fpRate": 100.34381480523102, "fpRate_std": 194.8338679090057}, "event_results": {"sensitivity": 0.5611860660871106, "sensitivity_std": 0.42015209603519005, "precision": 0.19084122416305777, "precision_std": 0.2422254143301597, "f1": 0.2383712087111096, "f1_std": 0.24684900451971598, "fpRate": 12.537283853981645, "fpRate_std": 23.98025570613123}}}, "sz-challenge-13": {"algorithm_name": "SeizFormer", "evaluation_dataset": {"sample_results": {"sensitivity": 0.4506543863380085, "sensitivity_std": 0.33310220133321333, "precision": 0.031044147227705533, "precision_std": 0.04949361273347505, "f1": 0.048853535190364304, "f1_std": 0.06786200349820844, "fpRate": 3319.6714086789098, "fpRate_std": 4471.302886503691}, "event_results": {"sensitivity": 0.7749407354602518, "sensitivity_std": 0.33640697620735877, "precision": 0.021991067491729882, "precision_std": 0.03992712457089601, "f1": 0.037008389975412614, "f1_std": 0.041969587561232875, "fpRate": 83.5960761610624, "fpRate_std": 53.63344823803003}}}, "sz-challenge-18": {"algorithm_name": "Serial Band Powers", "evaluation_dataset": {"sample_results": {"sensitivity": 0.0, "sensitivity_std": 0.0, "precision": "NaN", "precision_std": "NaN", "f1": "NaN", "f1_std": "NaN", "fpRate": 0.0, "fpRate_std": 0.0}, "event_results": {"sensitivity": 0.0, "sensitivity_std": 0.0, "precision": "NaN", "precision_std": "NaN", "f1": "NaN", "f1_std": "NaN", "fpRate": 0.0, "fpRate_std": 0.0}}}, "sz-challenge-21": {"algorithm_name": "eegwavenet", "evaluation_dataset": {"sample_results": {"sensitivity": 0.2330887129191262, "sensitivity_std": 0.19342768863157447, "precision": 0.014344011385341632, "precision_std": 0.042316709164171094, "f1": 0.022084838356991546, "f1_std": 0.05756443016631859, "fpRate": 5898.453553008526, "fpRate_std": 5544.607850016476}, "event_results": {"sensitivity": 0.9164229698589237, "sensitivity_std": 0.20267471004392731, "precision": 0.012108259763917996, "precision_std": 0.0341413650691084, "f1": 0.021702825049328658, "f1_std": 0.052660719041230195, "fpRate": 237.82052678227882, "fpRate_std": 50.250636662808}}}, "sz-challenge-01": {"algorithm_name": "Van Gogh Detect", "evaluation_dataset": {"sample_results": {"sensitivity": 0.2725308137574414, "sensitivity_std": 0.32909182364076306, "precision": 0.41760433962004095, "precision_std": 0.36535596563094674, "f1": 0.3044462416606873, "f1_std": 0.29801698304573027, "fpRate": 106.20697118552569, "fpRate_std": 449.92653360354893}, "event_results": {"sensitivity": 0.39153864335424876, "sensitivity_std": 0.4098397795410828, "precision": 0.42025024291245583, "precision_std": 0.4001299571547028, "f1": 0.36342041195453995, "f1_std": 0.33562550990466405, "fpRate": 2.509931718297716, "fpRate_std": 8.967098268689785}}}, "sz-challenge-29": {"algorithm_name": "SD2025 v2", "evaluation_dataset": {"sample_results": {"sensitivity": 0.19912112759067485, "sensitivity_std": 0.20392859198202204, "precision": 0.1140152055561052, "precision_std": 0.17813970596451853, "f1": 0.11227495014727835, "f1_std": 0.1573350797870644, "fpRate": 1220.647061567557, "fpRate_std": 4279.46097798209}, "event_results": {"sensitivity": 0.69748824140248, "sensitivity_std": 0.3847377720958101, "precision": 0.02704613878133382, "precision_std": 0.05506712490521414, "f1": 0.04771774127362297, "f1_std": 0.08040711665073108, "fpRate": 85.73825348457713, "fpRate_std": 76.04685134213443}}}, "sz-challenge-05": {"algorithm_name": "SD2025", "evaluation_dataset": {"sample_results": {"sensitivity": 0.08764928792498639, "sensitivity_std": 0.10772763510993372, "precision": 0.014559509546459213, "precision_std": 0.03960156884423226, "f1": 0.018429104094468192, "f1_std": 0.03946502392635634, "fpRate": 3821.1401553503315, "fpRate_std": 6312.63482013187},