{"sz-challenge-09": {"algorithm_name": "HySEIZa v2", "evaluation_dataset": {"sample_results": {"sensitivity": 0.42425708872260787, "sensitivity_std": 0.3474048051344051, "precision": 0.13601448763467924, "precision_std": 0.19006351153420445, "f1": 0.16175661758194715, "f1_std": 0.187831909961952, "fpRate": 1316.6645754057975, "fpRate_std": 3316.70403977945}, "event_results": {"sensitivity": 0.7150256182031883, "sensitivity_std": 0.38989667054308863, "precision": 0.09732402513428393, "precision_std": 0.16679882715023553, "f1": 0.14171655414605094, "f1_std": 0.19128338172816708, "fpRate": 28.585641581574325, "fpRate_std": 37.193450284799404}}}, "sz-challenge-11": {"algorithm_name": "SeizureTransformer", "evaluation_dataset": {"sample_results": {"sensitivity": 0.1239990263146942, "sensitivity_std": 0.16236829794172522, "precision": 0.44562994151859975, "precision_std": 0.4066691100131641, "f1": 0.21630675469794722, "f1_std": 0.21744691595976282, "fpRate": 22.84616266897791, "fpRate_std": 55.31788268705823}, "event_results": {"sensitivity": 0.3692265879305935, "sensitivity_std": 0.4119723724585815, "precision": 0.37538827510447736, "precision_std": 0.36887247762579933, "f1": 0.37914852682072053, "f1_std": 0.35017358795351533, "fpRate": 1.5350776919099252, "fpRate_std": 2.982555979575196}}}, "sz-challenge-08": {"algorithm_name": "HySEIZa v1", "evaluation_dataset": {"sample_results": {"sensitivity": 0.29175921305238917, "sensitivity_std": 0.28477330012758634, "precision": 0.3152742187182065, "precision_std": 0.3133596262892241, "f1": 0.24375123805623852, "f1_std": 0.23866427414969205, "fpRate": 497.6083777759611, "fpRate_std": 1750.016115633275}, "event_results": {"sensitivity": 0.6011290099552882, "sensitivity_std": 0.4236764910549766, "precision": 0.21421036069017724, "precision_std": 0.25419575014045415, "f1": 0.25607501372007624, "f1_std": 0.24485207345987312, "fpRate": 13.346816223826673, "fpRate_std": 26.52876468278605}}}, "sz-challenge-13": {"algorithm_name": "SeizFormer", "evaluation_dataset": {"sample_results": {"sensitivity": 0.4506543863380085, "sensitivity_std": 0.33310220133321333, "precision": 0.031044147227705533, "precision_std": 0.04949361273347505, "f1": 0.048853535190364304, "f1_std": 0.06786200349820844, "fpRate": 3319.6714086789098, "fpRate_std": 4471.302886503691}, "event_results": {"sensitivity": 0.7749407354602518, "sensitivity_std": 0.33640697620735877, "precision": 0.021991067491729882, "precision_std": 0.03992712457089601, "f1": 0.037008389975412614, "f1_std": 0.041969587561232875, "fpRate": 83.5960761610624, "fpRate_std": 53.63344823803003}}}, "sz-challenge-18": {"algorithm_name": "Serial Band Powers", "evaluation_dataset": {"sample_results": {"sensitivity": 0.201767002979515, "sensitivity_std": 0.26353432766108226, "precision": 0.01929092006626997, "precision_std": 0.10077455150506026, "f1": 0.017288954235635742, "f1_std": 0.04797224506535036, "fpRate": 9580.856785782822, "fpRate_std": 8821.872121867946}, "event_results": {"sensitivity": 0.3689087220863869, "sensitivity_std": 0.3922549737826899, "precision": 0.034371514689588926, "precision_std": 0.11607396119541336, "f1": 0.042109971008084585, "f1_std": 0.07512323351856894, "fpRate": 49.95179297541633, "fpRate_std": 40.37561434181077}}}, "sz-challenge-21": {"algorithm_name": "eegwavenet", "evaluation_dataset": {"sample_results": {"sensitivity": 0.2330887129191262, "sensitivity_std": 0.19342768863157447, "precision": 0.014344011385341632, "precision_std": 0.042316709164171094, "f1": 0.022084838356991546, "f1_std": 0.05756443016631859, "fpRate": 5898.453553008526, "fpRate_std": 5544.607850016476}, "event_results": {"sensitivity": 0.9164229698589237, "sensitivity_std": 0.20267471004392731, "precision": 0.012108259763917996, "precision_std": 0.0341413650691084, "f1": 0.021702825049328658, "f1_std": 0.052660719041230195, "fpRate": 237.82052678227882, "fpRate_std": 50.250636662808}}}, "sz-challenge-01": {"algorithm_name": "Van Gogh Detect", "evaluation_dataset": {"sample_results": {"sensitivity": 0.2725308137574414, "sensitivity_std": 0.32909182364076306, "precision": 0.41760433962004095, "precision_std": 0.36535596563094674, "f1": 0.3044462416606873, "f1_std": 0.29801698304573027, "fpRate": 106.20697118552569, "fpRate_std": 449.92653360354893}, "event_results": {"sensitivity": 0.39153864335424876, "sensitivity_std": 0.4098397795410828, "precision": 0.42025024291245583, "precision_std": 0.4001299571547028, "f1": 0.36342041195453995, "f1_std": 0.33562550990466405, "fpRate": 2.509931718297716, "fpRate_std": 8.967098268689785}}}, "sz-challenge-05": {"algorithm_name": "SD2025", "evaluation_dataset": {"sample_results": {"sensitivity": 0.08764928792498639, "sensitivity_std": 0.10772763510993372, "precision": 0.014559509546459213, "precision_std": 0.03960156884423226, "f1": 0.018429104094468192, "f1_std": 0.03946502392635634, "fpRate": 3821.1401553503315, "fpRate_std": 6312.63482013187}, "event_results": {"sensitivity": 0.7403960198984938, "sensitivity_std": 0.3584600039861333, "precision": 0.012050877084212147, "precision_std": 0.037263508559161156, "f1": 0.02150821870375021, "f1_std": 0.05733301060378306, "fpRate": 188.57610244869585, "fpRate_std": 66.77549579125736}}}, "sz-challenge-06": {"algorithm_name": "Random Forest", "evaluation_dataset": {"sample_results": {"sensitivity": 0.005681383582472444, "sensitivity_std": 0.02229214931258785, "precision": 0.0911165253944757, "precision_std": 0.26001003739969875, "f1": 0.014553014136663305, "f1_std": 0.04665191730555999, "fpRate": 6.762376347114196, "fpRate_std": 13.370046135096214}, "event_results": {"sensitivity": 0.05070889894419306, "sensitivity_std": 0.19525797484980076, "precision": 0.06763285024154589, "precision_std": 0.18854509900373462, "f1": 0.06446867928162166, "f1_std": 0.19062250343329418, "fpRate": 0.8929376258314036, "fpRate_std": 1.296005868412091}}}, "sz-challenge-20": {"algorithm_name": "eventNet", "evaluation_dataset": {"sample_results": {"sensitivity": 0.46679932598628504, "sensitivity_std": 0.3876112475787248, "precision": 0.07613671286182348, "precision_std": 0.11431405075108575, "f1": 0.11328994525757602, "f1_std": 0.14543912467488554, "fpRate": 1793.0540084653053, "fpRate_std": 3204.7006086458478}, "event_results": {"sensitivity": 0.6030921469953905, "sensitivity_std": 0.43864504779087043, "precision": 0.0907857184455047, "precision_std": 0.13588668848879426, "f1": 0.13926364229420143, "f1_std": 0.17711697419835234, "fpRate": 19.825789299153893, "fpRate_std": 30.01190050068672}}}}