{
  "sample_results": {
    "sensitivity": 0.05942593752654901,
    "sensitivity_std": 0.13260168385135265,
    "precision": 0.07626057088015514,
    "precision_std": 0.20737783932110904,
    "f1": 0.04626470691602325,
    "f1_std": 0.11689477792042337,
    "fpRate": 452.65042362995956,
    "fpRate_std": 815.891809853985
  },
  "event_results": {
    "sensitivity": 0.15159791217610025,
    "sensitivity_std": 0.31710427253001966,
    "precision": 0.0875881255378505,
    "precision_std": 0.2297674137774239,
    "f1": 0.07494435336756589,
    "f1_std": 0.17681091668428464,
    "fpRate": 6.46750466529492,
    "fpRate_std": 9.962229080316227
  }
}