{
  "sample_results": {
    "sensitivity": 0.05942593752654901,
    "sensitivity_std": 0.13260168385135265,
    "precision": 0.08204101492076869,
    "precision_std": 0.20977778329517538,
    "f1": 0.03985089903253459,
    "f1_std": 0.10585900979145828,
    "fpRate": 439.3512846713369,
    "fpRate_std": 819.0542285702519
  },
  "event_results": {
    "sensitivity": 0.15159791217610025,
    "sensitivity_std": 0.31710427253001966,
    "precision": 0.10289144625689589,
    "precision_std": 0.25831391617030247,
    "f1": 0.06880513490843664,
    "f1_std": 0.16844380195735925,
    "fpRate": 6.157681572659644,
    "fpRate_std": 9.935841107106338
  }
}