{
  "sample_results": {
    "sensitivity": 0.013611595862687072,
    "sensitivity_std": 0.08801174470188348,
    "precision": 0.10500824890459894,
    "precision_std": 0.22001614863308216,
    "f1": 0.0671756887014233,
    "f1_std": 0.13418538004523506,
    "fpRate": 1395.7570780377976,
    "fpRate_std": 8256.193296519186
  },
  "event_results": {
    "sensitivity": 0.02269097536379893,
    "sensitivity_std": 0.12583154715072054,
    "precision": 0.17384788207573018,
    "precision_std": 0.2917472188506012,
    "f1": 0.11238260207397473,
    "f1_std": 0.18845748132838347,
    "fpRate": 6.3131970366006405,
    "fpRate_std": 36.32377320524538
  }
}