{
  "sample_results": {
    "sensitivity": 0.45193468314428575,
    "sensitivity_std": 0.3745176097905096,
    "precision": 0.28049237710060754,
    "precision_std": 0.3188192573611138,
    "f1": 0.2870370898544368,
    "f1_std": 0.28352800554358065,
    "fpRate": 2294.3177643670915,
    "fpRate_std": 7970.43784558408
  },
  "event_results": {
    "sensitivity": 0.5844422561739768,
    "sensitivity_std": 0.43354199338569477,
    "precision": 0.2656810925222419,
    "precision_std": 0.3134943317626678,
    "f1": 0.3124731085611409,
    "f1_std": 0.3109083035885482,
    "fpRate": 13.708756239719776,
    "fpRate_std": 35.376401199665374
  }
}