{
  "sample_results": {
    "sensitivity": 0.45193468314428575,
    "sensitivity_std": 0.3745176097905096,
    "precision": 0.2804923771006076,
    "precision_std": 0.3188192573611138,
    "f1": 0.2782051793973772,
    "f1_std": 0.2834990868412132,
    "fpRate": 2294.3177643670915,
    "fpRate_std": 7970.43784558408
  },
  "event_results": {
    "sensitivity": 0.5844422561739768,
    "sensitivity_std": 0.43354199338569477,
    "precision": 0.2675339499255476,
    "precision_std": 0.31551719199518946,
    "f1": 0.30425796263483684,
    "f1_std": 0.3114636730950546,
    "fpRate": 13.053320336644799,
    "fpRate_std": 32.98998012915081
  }
}