{
  "sample_results": {
    "sensitivity": 0.38533483861166995,
    "sensitivity_std": 0.35845644500388396,
    "precision": 0.22736518716325232,
    "precision_std": 0.2872588838882405,
    "f1": 0.22114586804565736,
    "f1_std": 0.2567377430117164,
    "fpRate": 1660.4530082391339,
    "fpRate_std": 5062.151238213666
  },
  "event_results": {
    "sensitivity": 0.4685640417783275,
    "sensitivity_std": 0.380918429038456,
    "precision": 0.23764858687945903,
    "precision_std": 0.2940004303553292,
    "f1": 0.24546678163028268,
    "f1_std": 0.2584446530912263,
    "fpRate": 12.90438608317654,
    "fpRate_std": 34.51302854851473
  }
}