{
  "sample_results": {
    "sensitivity": 0.3853348386116699,
    "sensitivity_std": 0.35845644500388396,
    "precision": 0.22736518716325227,
    "precision_std": 0.2872588838882405,
    "f1": 0.2158804902350464,
    "f1_std": 0.2558936765144716,
    "fpRate": 1660.4530082391343,
    "fpRate_std": 5062.151238213666
  },
  "event_results": {
    "sensitivity": 0.4685640417783275,
    "sensitivity_std": 0.3809184290384561,
    "precision": 0.2387249464170281,
    "precision_std": 0.29453155605747344,
    "f1": 0.24066118060467176,
    "f1_std": 0.25895840373561846,
    "fpRate": 12.76357557219247,
    "fpRate_std": 34.0783553073719
  }
}