{
  "sample_results": {
    "sensitivity": 0.7502020150041371,
    "sensitivity_std": 0.19161081258374738,
    "precision": 0.8055745362774959,
    "precision_std": 0.20522854559353615,
    "f1": 0.7601418383607014,
    "f1_std": 0.18380696442918612,
    "fpRate": 100.94565109751508,
    "fpRate_std": 113.47893457585987
  },
  "event_results": {
    "sensitivity": 0.8928571428571429,
    "sensitivity_std": 0.20861545523586048,
    "precision": 0.807142857142857,
    "precision_std": 0.2322862804811624,
    "f1": 0.820294784580499,
    "f1_std": 0.20096604554909048,
    "fpRate": 1.770542249376793,
    "fpRate_std": 2.080368345289773
  }
}