{
  "sample_results": {
    "sensitivity": 0.750202015004137,
    "sensitivity_std": 0.19161081258374738,
    "precision": 0.805574536277496,
    "precision_std": 0.20522854559353618,
    "f1": 0.7601418383607011,
    "f1_std": 0.18380696442918606,
    "fpRate": 100.94565109751508,
    "fpRate_std": 113.47893457585987
  },
  "event_results": {
    "sensitivity": 0.8928571428571429,
    "sensitivity_std": 0.20861545523586042,
    "precision": 0.7976190476190476,
    "precision_std": 0.2351002102158512,
    "f1": 0.8139455782312925,
    "f1_std": 0.2001009162770017,
    "fpRate": 2.0516110917244985,
    "fpRate_std": 2.563519336975925
  }
}