{
  "sample_results": {
    "sensitivity": 0.4608790050152436,
    "sensitivity_std": 0.35258369403603435,
    "precision": 0.3790753390363193,
    "precision_std": 0.4005444406495164,
    "f1": 0.2839145780086015,
    "f1_std": 0.32684552128813077,
    "fpRate": 5114.351968856007,
    "fpRate_std": 13861.942641687885
  },
  "event_results": {
    "sensitivity": 0.6221718284168856,
    "sensitivity_std": 0.39541742754935816,
    "precision": 0.4512891058918479,
    "precision_std": 0.42386046876308875,
    "f1": 0.390013493082444,
    "f1_std": 0.39565106458658295,
    "fpRate": 33.05448050258811,
    "fpRate_std": 71.8513299887811
  }
}