{
  "sample_results": {
    "sensitivity": 0.4608790050152437,
    "sensitivity_std": 0.3525836940360344,
    "precision": 0.3790753390363193,
    "precision_std": 0.4005444406495164,
    "f1": 0.44663241915977625,
    "f1_std": 0.3088340369210373,
    "fpRate": 5114.351968856007,
    "fpRate_std": 13861.942641687885
  },
  "event_results": {
    "sensitivity": 0.6221718284168856,
    "sensitivity_std": 0.39541742754935816,
    "precision": 0.4305840469785405,
    "precision_std": 0.41098324785750906,
    "f1": 0.5940088031022109,
    "f1_std": 0.3231616025114075,
    "fpRate": 37.0914240410595,
    "fpRate_std": 77.68547138642514
  }
}