{
  "sample_results": {
    "sensitivity": 0.662402804606992,
    "sensitivity_std": 0.35384646489998417,
    "precision": 0.004419981856623289,
    "precision_std": 0.013097776652761569,
    "f1": 0.00843143658278099,
    "f1_std": 0.023669062958874828,
    "fpRate": 38995.82691412692,
    "fpRate_std": 14470.381095335226
  },
  "event_results": {
    "sensitivity": 0.8232739446125923,
    "sensitivity_std": 0.3050880677477646,
    "precision": 0.011487928618069963,
    "precision_std": 0.03316735089976929,
    "f1": 0.020931820076075514,
    "f1_std": 0.052989683992107295,
    "fpRate": 205.15620841801095,
    "fpRate_std": 40.67713881501843
  }
}