{
  "sample_results": {
    "sensitivity": 0.662402804606992,
    "sensitivity_std": 0.3538464648999841,
    "precision": 0.004419981856623289,
    "precision_std": 0.013097776652761569,
    "f1": 0.008431436582780989,
    "f1_std": 0.023669062958874828,
    "fpRate": 38995.82691412692,
    "fpRate_std": 14470.381095335226
  },
  "event_results": {
    "sensitivity": 0.8232739446125921,
    "sensitivity_std": 0.30508806774776465,
    "precision": 0.013715941530379992,
    "precision_std": 0.04948383553071629,
    "f1": 0.023533134502422025,
    "f1_std": 0.07107084250417421,
    "fpRate": 201.76343972130636,
    "fpRate_std": 39.302181871753035
  }
}