{
  "sample_results": {
    "sensitivity": 0.6433204284540762,
    "sensitivity_std": 0.3080409699283798,
    "precision": 0.001682534530632017,
    "precision_std": 0.0014530693687090574,
    "f1": 0.0033480967375816143,
    "f1_std": 0.002883201366978776,
    "fpRate": 30489.63176909687,
    "fpRate_std": 16648.7976404231
  },
  "event_results": {
    "sensitivity": 0.8672043564900708,
    "sensitivity_std": 0.21115873343682376,
    "precision": 0.004668528917847069,
    "precision_std": 0.002776233370673497,
    "f1": 0.009259737571734969,
    "f1_std": 0.005462431535103111,
    "fpRate": 186.87268951705937,
    "fpRate_std": 45.78512660154588
  }
}