{
  "sample_results": {
    "sensitivity": 0.6433204284540762,
    "sensitivity_std": 0.3080409699283798,
    "precision": 0.0016825345306320163,
    "precision_std": 0.0014530693687090574,
    "f1": 0.0033480967375816143,
    "f1_std": 0.002883201366978776,
    "fpRate": 30489.63176909687,
    "fpRate_std": 16648.7976404231
  },
  "event_results": {
    "sensitivity": 0.8672043564900708,
    "sensitivity_std": 0.21115873343682376,
    "precision": 0.004694390631646274,
    "precision_std": 0.0027984749248278215,
    "f1": 0.009310486015613665,
    "f1_std": 0.0055055488662371045,
    "fpRate": 186.0008176059258,
    "fpRate_std": 45.34398224692653
  }
}