{
  "sample_results": {
    "sensitivity": 0.6043506691884781,
    "sensitivity_std": 0.27641796947024666,
    "precision": 0.10202549049235952,
    "precision_std": 0.22496505327221641,
    "f1": 0.11583388450548755,
    "f1_std": 0.1810688032870277,
    "fpRate": 16542.116420217324,
    "fpRate_std": 14231.83966600165
  },
  "event_results": {
    "sensitivity": 0.8238095238095238,
    "sensitivity_std": 0.2394366972140844,
    "precision": 0.1493041747646638,
    "precision_std": 0.24963186869318857,
    "f1": 0.1951543083481709,
    "f1_std": 0.23024222261202,
    "fpRate": 116.50745521071185,
    "fpRate_std": 79.46903928749617
  }
}