{
  "sample_results": {
    "sensitivity": 0.6043506691884782,
    "sensitivity_std": 0.27641796947024666,
    "precision": 0.10202549049235952,
    "precision_std": 0.22496505327221641,
    "f1": 0.11583388450548752,
    "f1_std": 0.18106880328702774,
    "fpRate": 16542.116420217324,
    "fpRate_std": 14231.83966600165
  },
  "event_results": {
    "sensitivity": 0.8238095238095238,
    "sensitivity_std": 0.2394366972140844,
    "precision": 0.15102016048895428,
    "precision_std": 0.24917404556769662,
    "f1": 0.1980196597841314,
    "f1_std": 0.22960333810407546,
    "fpRate": 112.50470988097605,
    "fpRate_std": 77.12358768330559
  }
}