{
  "sample_results": {
    "sensitivity": 0.4673854321426597,
    "sensitivity_std": 0.3779373932756853,
    "precision": 0.12476379143612436,
    "precision_std": 0.23763986687648547,
    "f1": 0.2526166166156512,
    "f1_std": 0.24664288392241843,
    "fpRate": 15445.316956030001,
    "fpRate_std": 19351.284513874034
  },
  "event_results": {
    "sensitivity": 0.621369921187682,
    "sensitivity_std": 0.40568072152648077,
    "precision": 0.1895101445883482,
    "precision_std": 0.2924221739012933,
    "f1": 0.41186780266952694,
    "f1_std": 0.29907660908096684,
    "fpRate": 105.7756170609569,
    "fpRate_std": 100.73136030624786
  }
}