{
  "sample_results": {
    "sensitivity": 0.4673854321426597,
    "sensitivity_std": 0.3779373932756853,
    "precision": 0.12476379143612436,
    "precision_std": 0.23763986687648547,
    "f1": 0.12260696593983074,
    "f1_std": 0.21322552172927156,
    "fpRate": 15445.316956030001,
    "fpRate_std": 19351.284513874034
  },
  "event_results": {
    "sensitivity": 0.621369921187682,
    "sensitivity_std": 0.40568072152648077,
    "precision": 0.22351805544113507,
    "precision_std": 0.3378279580113127,
    "f1": 0.22213021602430222,
    "f1_std": 0.3252816604890168,
    "fpRate": 94.54772689894898,
    "fpRate_std": 97.09368022479043
  }
}